client_id;communication;timestamp
0.0;email;2022-07-13 23:09:09
0.0;email;2022-07-21 01:18:00
0.0;email;2022-08-21 05:22:41
0.0;manager;2022-08-23 11:53:58
0.0;email;2022-10-17 17:09:21
0.0;email;2022-11-24 10:46:15
0.0;email;2022-12-07 13:34:11
0.0;email;2022-12-18 07:45:06
0.0;manager;2022-12-24 13:16:22
0.0;email;2022-12-29 07:30:18
0.0;email;2023-03-05 12:38:06
0.0;manager;2023-03-09 11:19:51
0.0;email;2023-04-11 05:11:41
0.0;email;2023-04-30 20:17:00
0.0;manager;2023-05-12 12:19:38
0.0;email;2023-05-19 10:16:07
1.0;manager;2022-08-04 16:42:46
1.0;email;2022-08-16 09:56:57
1.0;email;2022-09-03 22:21:02
1.0;email;2022-09-13 17:55:52
1.0;email;2022-10-26 02:29:49
1.0;manager;2022-12-02 14:07:31
1.0;email;2023-01-02 18:53:25
1.0;email;2023-01-15 02:10:31
1.0;email;2023-01-28 12:25:59
1.0;email;2023-02-26 20:21:34
1.0;email;2023-03-25 05:58:35
1.0;email;2023-05-20 14:06:02
1.0;manager;2023-06-10 12:40:55
1.0;email;2023-06-18 09:27:12
2.0;email;2022-07-27 18:20:40
2.0;manager;2022-08-01 11:55:11
2.0;email;2022-08-10 08:00:17
2.0;email;2022-09-10 22:15:34
2.0;email;2022-09-29 07:23:21
2.0;email;2022-11-08 22:19:00
2.0;email;2023-01-17 10:08:01
2.0;manager;2023-01-23 12:08:04
2.0;manager;2023-03-02 16:55:17
2.0;email;2023-03-17 06:42:15
2.0;email;2023-04-05 12:38:30
2.0;email;2023-04-15 03:02:38
2.0;email;2023-06-21 01:52:21
3.0;manager;2022-08-02 15:35:05
3.0;email;2022-08-08 18:51:20
3.0;manager;2022-09-18 10:59:08
3.0;email;2022-10-18 11:53:59
3.0;email;2022-11-04 07:49:14
3.0;email;2023-01-16 19:39:04
3.0;manager;2023-02-13 13:43:26
3.0;manager;2023-03-17 11:36:19
3.0;manager;2023-04-21 12:23:03
4.0;email;2022-07-28 06:24:14
4.0;manager;2022-08-11 15:19:16
4.0;email;2022-08-22 21:59:42
4.0;email;2022-09-18 11:18:20
4.0;manager;2022-09-28 14:49:34
4.0;email;2022-10-14 01:37:16
4.0;email;2022-11-17 15:11:06
4.0;email;2022-12-02 11:52:17
4.0;email;2022-12-23 23:42:46
4.0;manager;2023-01-02 10:24:53
4.0;email;2023-02-08 19:55:34
4.0;email;2023-04-24 08:10:56
4.0;email;2023-06-22 14:09:40
5.0;email;2022-07-20 13:06:32
5.0;email;2022-07-31 05:44:38
5.0;manager;2022-08-19 12:09:42
5.0;email;2022-09-20 01:15:37
5.0;;
5.0;email;2023-01-03 12:31:30
5.0;manager;2023-01-19 14:31:25
5.0;manager;2023-03-04 16:12:36
5.0;email;2023-03-09 17:23:20
5.0;manager;2023-05-27 14:58:14
6.0;email;2022-08-29 10:52:34
6.0;manager;2022-11-10 14:30:43
6.0;email;2022-11-30 18:51:24
6.0;email;2022-12-13 23:21:08
6.0;manager;2022-12-14 12:57:01
6.0;email;2022-12-23 22:41:29
6.0;manager;2023-02-24 15:30:18
6.0;email;2023-03-03 21:43:08
6.0;email;2023-03-24 15:42:42
6.0;email;2023-05-09 01:21:13
7.0;email;2022-07-26 09:42:39
7.0;email;2022-08-07 05:41:23
7.0;email;2022-08-17 16:29:45
7.0;manager;2022-09-02 11:24:47
7.0;email;2022-10-26 20:12:48
7.0;email;2022-11-05 21:39:13
7.0;manager;2022-11-12 11:09:03
7.0;email;2022-12-19 01:35:42
7.0;email;2023-01-17 01:30:32
7.0;email;2023-01-26 03:45:14
7.0;email;2023-02-03 05:37:18
7.0;email;2023-02-27 12:03:43
7.0;email;2023-03-20 12:22:11
7.0;manager;2023-04-19 14:29:45
7.0;manager;2023-05-22 12:22:59
7.0;email;2023-06-16 19:16:18
8.0;email;2022-07-10 19:41:22
8.0;email;2022-07-22 05:11:03
8.0;email;2022-07-31 15:08:32
8.0;email;2022-09-01 08:19:14
8.0;email;2022-10-20 10:12:36
8.0;email;2022-10-29 23:40:13
8.0;email;2022-11-18 17:21:32
8.0;manager;2022-12-09 12:52:18
8.0;email;2023-03-10 16:38:28
8.0;email;2023-04-14 14:52:39
8.0;email;2023-05-12 14:25:25
9.0;email;2022-07-10 14:29:03
9.0;email;2022-08-06 09:38:33
9.0;email;2022-08-28 03:04:20
9.0;manager;2022-09-26 12:09:57
9.0;manager;2022-11-20 14:33:19
9.0;email;2022-12-03 16:13:48
9.0;email;2023-01-29 13:42:07
9.0;manager;2023-02-10 16:42:39
9.0;email;2023-02-19 17:19:05
9.0;email;2023-04-04 05:46:40
9.0;manager;2023-04-20 15:21:26
9.0;email;2023-04-23 14:31:27
9.0;email;2023-05-26 05:41:29
9.0;email;2023-06-07 02:37:16
9.0;manager;2023-06-08 10:28:32
9.0;email;2023-06-20 09:15:26
10.0;email;2022-07-20 17:47:23
10.0;email;2022-08-09 08:44:47
10.0;email;2022-09-08 11:10:31
10.0;manager;2022-10-01 12:17:50
10.0;email;2022-11-19 01:37:28
10.0;email;2022-11-28 19:47:14
10.0;manager;2023-01-17 13:03:16
10.0;email;2023-02-04 13:41:43
10.0;email;2023-03-29 02:12:21
10.0;email;2023-04-15 00:09:12
10.0;email;2023-04-24 00:41:41
10.0;email;2023-05-12 20:32:34
10.0;manager;2023-05-14 16:01:14
10.0;email;2023-06-18 03:19:08
11.0;email;2022-07-08 06:10:16
11.0;manager;2022-08-01 12:32:57
11.0;manager;2022-09-18 12:08:27
11.0;manager;2022-10-19 14:59:32
11.0;manager;2022-11-27 15:55:14
11.0;email;2022-12-04 13:20:55
11.0;email;2023-01-03 22:50:08
11.0;email;2023-01-12 12:06:26
11.0;manager;2023-02-17 16:53:09
11.0;email;2023-03-02 14:30:15
11.0;email;2023-03-12 14:21:22
12.0;email;2022-07-27 13:33:39
12.0;manager;2022-08-10 16:03:13
12.0;email;2022-08-16 02:16:00
12.0;email;2022-08-25 08:41:05
12.0;email;2022-09-12 10:51:42
12.0;email;2022-09-22 00:28:21
12.0;email;2022-11-17 08:05:05
12.0;email;2022-12-29 10:33:22
12.0;manager;2022-12-31 12:24:53
12.0;email;2023-02-07 06:14:18
12.0;manager;2023-03-03 10:54:47
12.0;email;2023-03-17 11:51:50
12.0;email;2023-04-06 16:52:23
12.0;email;2023-05-08 08:11:38
13.0;email;2022-07-09 09:07:48
13.0;email;2022-07-24 15:09:48
13.0;manager;2022-08-25 12:54:54
13.0;email;2022-09-22 08:35:06
13.0;manager;2022-10-08 10:23:56
13.0;email;2022-10-19 20:13:24
13.0;email;2022-11-04 02:44:40
13.0;manager;2023-01-13 16:53:15
13.0;email;2023-01-27 09:20:35
13.0;email;2023-02-10 18:56:23
13.0;email;2023-03-20 09:31:12
13.0;manager;2023-04-23 15:53:19
14.0;email;2022-07-08 22:24:55
14.0;email;2022-08-18 23:55:20
14.0;email;2022-10-21 08:13:29
14.0;manager;2022-10-21 12:12:28
14.0;email;2022-10-29 03:10:07
14.0;email;2022-11-20 11:37:48
14.0;manager;2022-11-28 10:39:22
14.0;email;2023-01-10 11:33:07
14.0;manager;2023-01-26 13:37:10
14.0;email;2023-02-14 14:39:06
14.0;manager;2023-03-12 11:42:51
14.0;email;2023-04-05 16:27:59
14.0;manager;2023-04-14 10:22:27
14.0;manager;2023-05-31 15:59:25
15.0;email;2022-08-13 20:03:34
15.0;manager;2022-08-24 12:39:54
15.0;email;2022-11-19 21:34:31
15.0;email;2022-12-30 03:22:57
15.0;email;2023-01-12 20:18:19
15.0;email;2023-03-10 06:59:08
15.0;email;2023-04-04 21:00:31
15.0;email;2023-04-16 20:03:55
15.0;email;2023-05-13 21:15:59
15.0;email;2023-05-28 08:42:19
15.0;email;2023-06-05 03:04:25
15.0;manager;2023-06-20 13:51:12
15.0;email;2023-06-23 20:59:15
16.0;email;2022-09-13 17:30:45
16.0;manager;2022-10-15 15:06:19
16.0;manager;2022-11-27 15:37:50
16.0;email;2022-12-03 09:15:20
16.0;;
16.0;email;2022-12-23 13:52:01
16.0;manager;2023-01-26 15:58:04
16.0;email;2023-02-02 04:39:27
16.0;email;2023-02-22 22:14:23
16.0;email;2023-03-10 11:50:40
16.0;email;2023-06-01 23:28:27
17.0;email;2022-09-29 18:20:22
17.0;email;2022-10-19 17:50:34
17.0;email;2022-10-27 11:46:23
17.0;email;2022-11-11 20:47:37
17.0;manager;2022-11-18 15:45:57
17.0;email;2023-02-17 20:10:21
17.0;email;2023-02-26 01:23:30
17.0;manager;2023-04-08 11:53:08
17.0;manager;2023-06-24 16:01:04
18.0;email;2022-09-04 21:16:50
18.0;manager;2022-09-12 15:06:02
18.0;email;2022-09-28 05:45:48
18.0;manager;2022-10-28 11:46:12
18.0;email;2022-12-12 18:49:46
18.0;email;2022-12-26 00:52:47
18.0;email;2023-01-08 17:30:49
18.0;email;2023-03-06 03:34:39
18.0;email;2023-04-04 00:57:59
18.0;email;2023-04-27 00:42:52
18.0;;
18.0;email;2023-05-26 21:21:38
18.0;manager;2023-06-23 10:02:17
19.0;email;2022-08-01 21:26:50
19.0;email;2022-08-25 02:02:37
19.0;email;2022-10-10 13:08:08
19.0;email;2022-10-28 17:49:12
19.0;email;2022-11-17 03:53:47
19.0;email;2022-12-10 23:38:35
19.0;email;2022-12-20 07:36:29
19.0;email;2022-12-30 17:27:08
19.0;manager;2023-01-06 13:56:17
19.0;email;2023-01-24 03:12:00
19.0;manager;2023-02-17 16:55:18
19.0;email;2023-02-26 03:07:35
19.0;manager;2023-03-21 15:01:44
19.0;email;2023-05-11 10:50:58
19.0;email;2023-06-15 17:39:11
19.0;manager;2023-06-26 10:58:16
20.0;email;2022-08-18 18:14:28
20.0;manager;2022-08-24 16:04:54
20.0;email;2022-09-19 20:31:16
20.0;manager;2022-09-25 11:03:56
20.0;email;2022-10-03 21:29:03
20.0;email;2023-03-23 20:40:38
20.0;email;2023-04-17 17:56:34
20.0;email;2023-05-05 14:34:59
20.0;manager;2023-05-07 10:52:26
21.0;email;2022-07-17 05:20:54
21.0;manager;2022-08-28 13:18:30
21.0;manager;2022-09-30 15:21:47
21.0;email;2022-10-10 05:18:00
21.0;email;2022-10-21 14:20:57
21.0;email;2022-11-09 11:55:38
21.0;;
21.0;email;2022-12-21 00:44:25
21.0;manager;2023-01-06 10:14:00
21.0;email;2023-01-28 07:18:14
21.0;email;2023-02-16 06:47:32
21.0;email;2023-02-27 15:20:11
21.0;email;2023-05-12 15:03:14
21.0;email;2023-05-24 14:02:33
21.0;email;2023-06-02 19:38:56
21.0;manager;2023-06-15 15:54:22
22.0;email;2022-07-18 07:22:06
22.0;email;2022-07-28 04:38:52
22.0;email;2022-10-26 09:30:11
22.0;email;2022-12-14 04:20:43
22.0;manager;2022-12-14 16:14:34
22.0;manager;2023-02-21 13:07:26
22.0;email;2023-03-06 12:26:39
22.0;email;2023-03-15 05:13:01
22.0;manager;2023-03-27 15:43:17
22.0;email;2023-04-01 09:35:26
22.0;email;2023-04-23 15:29:47
22.0;email;2023-05-20 07:28:59
22.0;manager;2023-06-27 13:02:11
23.0;email;2022-07-23 19:43:21
23.0;email;2022-08-18 10:00:44
23.0;email;2022-08-31 06:50:46
23.0;email;2022-10-21 11:14:58
23.0;email;2022-10-31 09:01:55
23.0;manager;2022-11-13 13:21:53
23.0;email;2023-01-03 06:46:51
23.0;email;2023-02-23 12:15:12
23.0;email;2023-04-20 15:13:51
24.0;email;2022-07-26 20:48:39
24.0;email;2022-08-30 11:08:42
24.0;manager;2022-09-24 13:39:14
24.0;email;2022-10-07 23:18:49
24.0;manager;2022-11-30 13:17:11
24.0;email;2023-02-09 21:01:48
24.0;manager;2023-02-23 16:02:42
24.0;email;2023-03-16 23:49:05
24.0;email;2023-04-14 12:31:33
24.0;email;2023-04-23 14:04:13
24.0;email;2023-06-07 06:44:10
24.0;email;2023-06-16 12:51:32
25.0;email;2022-07-14 13:52:22
25.0;email;2022-08-07 22:53:10
25.0;;
25.0;email;2022-11-30 09:53:29
25.0;;
25.0;email;2023-01-01 17:10:07
25.0;email;2023-01-15 11:06:00
25.0;manager;2023-01-16 13:48:33
25.0;email;2023-01-24 07:30:03
25.0;manager;2023-03-08 13:31:24
25.0;email;2023-03-17 16:49:42
25.0;email;2023-04-23 20:38:36
25.0;manager;2023-04-26 15:46:18
25.0;email;2023-06-13 01:05:54
25.0;manager;2023-06-20 13:58:39
25.0;email;2023-06-29 06:23:16
26.0;email;2022-07-11 04:53:35
26.0;email;2022-08-06 05:23:24
26.0;email;2022-09-09 23:56:56
26.0;manager;2022-09-25 14:58:17
26.0;email;2022-10-18 21:36:39
26.0;manager;2022-10-31 13:59:51
26.0;manager;2022-12-08 12:19:37
26.0;email;2023-02-02 19:01:11
26.0;email;2023-02-18 08:20:49
26.0;manager;2023-05-07 16:43:26
26.0;email;2023-05-08 11:18:09
26.0;email;2023-05-21 05:47:55
27.0;manager;2022-09-09 15:43:34
27.0;email;2022-10-13 16:41:59
27.0;manager;2022-10-22 12:05:36
27.0;email;2022-11-18 11:38:28
27.0;manager;2023-01-31 13:20:51
27.0;email;2023-02-24 04:26:52
27.0;email;2023-03-22 16:05:29
27.0;manager;2023-03-29 11:38:12
27.0;email;2023-03-30 17:54:43
27.0;email;2023-04-27 03:47:05
27.0;manager;2023-04-29 12:29:21
27.0;manager;2023-06-17 16:44:21
27.0;email;2023-06-18 05:59:43
28.0;email;2022-07-17 09:51:35
28.0;manager;2022-09-14 14:45:40
28.0;email;2022-09-27 13:05:40
28.0;manager;2022-10-26 11:19:52
28.0;email;2022-11-11 20:01:19
28.0;email;2023-01-02 07:30:15
28.0;manager;2023-01-10 15:00:46
28.0;email;2023-03-24 08:12:01
28.0;manager;2023-04-03 13:17:44
28.0;email;2023-04-24 03:56:49
28.0;email;2023-05-05 17:58:13
28.0;email;2023-05-20 10:10:47
28.0;manager;2023-05-25 14:13:14
28.0;email;2023-06-02 14:25:17
29.0;email;2022-08-07 23:15:46
29.0;email;2022-08-19 09:03:00
29.0;manager;2022-09-03 16:19:48
29.0;email;2022-09-22 16:24:50
29.0;email;2022-10-07 06:11:29
29.0;email;2022-10-24 07:55:20
29.0;manager;2022-11-13 13:02:50
29.0;email;2022-11-21 21:48:39
29.0;email;2023-01-01 09:16:58
29.0;email;2023-01-12 08:18:58
29.0;manager;2023-01-30 10:49:53
29.0;email;2023-02-14 03:53:50
29.0;email;2023-03-03 13:59:29
29.0;email;2023-05-03 11:58:31
29.0;email;2023-06-29 19:33:26
30.0;email;2022-08-02 18:28:27
30.0;email;2022-10-25 00:14:49
30.0;manager;2022-10-28 15:44:38
30.0;email;2022-11-11 13:04:44
30.0;email;2022-11-22 22:46:00
30.0;email;2023-01-02 03:42:57
30.0;email;2023-02-08 04:25:40
30.0;email;2023-04-10 10:26:09
30.0;manager;2023-04-20 16:33:46
30.0;email;2023-05-11 18:04:24
30.0;email;2023-06-11 09:52:04
31.0;manager;2022-08-15 12:15:26
31.0;email;2022-08-22 09:13:35
31.0;email;2022-09-13 11:30:06
31.0;email;2022-10-25 21:05:54
31.0;email;2022-11-04 11:01:01
31.0;email;2023-03-11 10:59:36
31.0;email;2023-05-06 02:25:28
31.0;manager;2023-06-01 13:38:47
31.0;email;2023-06-03 03:18:28
31.0;email;2023-06-15 22:39:27
32.0;email;2022-07-08 19:40:46
32.0;manager;2022-08-05 15:39:01
32.0;;
32.0;email;2022-09-25 11:36:47
32.0;manager;2022-09-26 16:16:58
32.0;manager;2022-11-01 13:14:44
32.0;email;2022-12-08 16:22:35
32.0;email;2023-01-01 15:38:32
32.0;manager;2023-02-02 10:52:16
32.0;email;2023-02-04 19:50:58
32.0;manager;2023-03-11 14:09:45
32.0;email;2023-03-18 08:14:30
32.0;email;2023-04-12 11:42:45
33.0;email;2022-07-16 23:26:35
33.0;email;2022-08-10 03:08:43
33.0;manager;2022-08-23 16:50:48
33.0;email;2022-09-17 19:46:28
33.0;manager;2022-09-30 13:38:24
33.0;email;2022-10-08 22:24:10
33.0;email;2022-10-18 00:46:31
33.0;manager;2023-01-03 14:26:07
33.0;email;2023-02-12 05:44:08
33.0;manager;2023-03-01 13:33:03
33.0;email;2023-03-06 23:52:05
33.0;email;2023-03-27 09:21:46
33.0;manager;2023-04-08 15:44:55
33.0;manager;2023-06-12 15:25:32
33.0;email;2023-06-17 11:26:01
34.0;email;2022-07-18 09:03:32
34.0;email;2022-08-05 19:18:19
34.0;manager;2022-08-28 13:10:02
34.0;email;2022-09-15 22:24:09
34.0;email;2022-09-27 01:58:11
34.0;email;2022-11-13 16:39:54
34.0;email;2022-12-02 18:52:34
34.0;manager;2022-12-08 14:07:25
34.0;email;2022-12-13 02:44:52
34.0;email;2023-01-22 13:21:58
34.0;manager;2023-01-26 14:13:51
34.0;email;2023-02-03 04:41:22
34.0;email;2023-03-15 17:43:45
34.0;manager;2023-03-27 11:32:11
34.0;email;2023-05-01 05:22:15
34.0;manager;2023-05-31 12:37:57
34.0;email;2023-06-02 10:47:44
35.0;email;2022-07-13 21:22:02
35.0;email;2022-08-17 19:34:57
35.0;email;2022-08-26 05:10:51
35.0;manager;2022-08-29 13:11:11
35.0;email;2022-09-11 02:40:31
35.0;email;2022-10-07 18:39:18
35.0;manager;2022-12-19 14:59:33
35.0;email;2023-01-11 23:20:34
35.0;email;2023-02-05 06:11:53
35.0;email;2023-02-13 08:21:50
35.0;email;2023-03-15 01:30:01
35.0;email;2023-04-19 06:49:53
35.0;manager;2023-05-20 10:01:38
35.0;manager;2023-06-26 15:04:44
36.0;email;2022-07-08 15:04:12
36.0;email;2022-07-24 21:25:36
36.0;manager;2022-08-30 16:07:20
36.0;manager;2022-10-05 13:50:12
36.0;email;2022-10-28 23:10:52
36.0;email;2022-11-24 18:36:43
36.0;email;2022-12-31 01:27:44
36.0;email;2023-02-08 16:52:00
36.0;email;2023-03-02 04:35:54
36.0;email;2023-04-18 18:10:16
36.0;manager;2023-05-15 13:46:01
36.0;email;2023-05-30 15:33:46
37.0;email;2022-08-09 17:47:07
37.0;email;2022-08-22 22:06:14
37.0;email;2022-08-31 00:19:42
37.0;email;2022-09-19 22:29:54
37.0;email;2022-11-08 07:38:44
37.0;manager;2022-11-17 13:49:46
37.0;email;2022-11-30 02:13:00
37.0;manager;2023-01-06 11:53:53
37.0;email;2023-01-20 10:45:13
37.0;email;2023-02-10 08:02:57
37.0;manager;2023-03-27 15:42:50
37.0;manager;2023-05-03 14:51:09
37.0;email;2023-05-22 11:06:09
37.0;manager;2023-06-03 16:40:13
37.0;email;2023-06-13 14:02:40
37.0;email;2023-06-28 23:33:11
38.0;manager;2022-11-18 10:27:27
38.0;email;2022-11-26 22:31:28
38.0;email;2022-12-17 00:13:51
38.0;email;2023-01-06 13:43:58
38.0;manager;2023-02-02 12:06:11
38.0;email;2023-02-09 12:07:52
38.0;email;2023-04-12 03:11:45
38.0;email;2023-04-20 23:40:21
38.0;manager;2023-06-29 12:52:35
38.0;email;2023-06-30 10:48:11
39.0;manager;2022-08-22 10:59:02
39.0;email;2022-10-25 23:09:40
39.0;email;2022-11-12 14:01:39
39.0;manager;2022-12-12 14:35:20
39.0;manager;2023-01-30 10:27:18
39.0;email;2023-02-03 23:04:20
39.0;;
39.0;email;2023-03-20 00:38:37
39.0;email;2023-05-03 02:15:12
39.0;email;2023-05-19 00:57:51
39.0;manager;2023-06-04 10:36:32
40.0;email;2022-07-21 17:17:03
40.0;email;2022-07-29 11:54:50
40.0;manager;2022-08-02 15:13:18
40.0;email;2022-09-22 06:44:08
40.0;manager;2022-10-01 16:08:35
40.0;manager;2022-11-16 16:30:19
40.0;email;2023-01-03 06:23:54
40.0;email;2023-01-21 18:08:47
40.0;email;2023-02-15 06:26:49
40.0;email;2023-03-18 05:49:40
40.0;email;2023-04-12 09:44:53
40.0;manager;2023-04-15 10:43:38
40.0;email;2023-05-10 02:46:24
40.0;email;2023-06-03 08:08:24
40.0;email;2023-06-12 04:09:54
41.0;email;2022-07-12 22:13:31
41.0;email;2022-08-14 01:46:55
41.0;manager;2022-09-19 15:59:00
41.0;email;2022-10-05 00:48:05
41.0;manager;2022-10-25 16:47:56
41.0;manager;2022-12-15 16:38:34
41.0;email;2022-12-20 15:36:26
41.0;email;2023-01-29 00:45:54
41.0;email;2023-02-26 06:14:24
41.0;manager;2023-03-05 11:12:34
41.0;manager;2023-04-09 13:19:07
41.0;email;2023-04-10 14:03:53
41.0;email;2023-04-27 18:52:46
41.0;email;2023-05-28 00:09:18
42.0;manager;2022-08-07 16:16:47
42.0;email;2022-09-08 22:56:38
42.0;manager;2022-09-11 15:50:40
42.0;email;2022-10-02 20:19:42
42.0;email;2022-10-28 18:18:08
42.0;manager;2022-11-16 11:21:36
42.0;email;2022-12-18 13:26:04
42.0;email;2023-01-23 18:34:57
42.0;email;2023-02-03 02:12:15
42.0;email;2023-02-15 03:38:21
42.0;email;2023-04-06 17:05:06
42.0;manager;2023-04-21 15:27:01
42.0;manager;2023-05-29 15:09:05
43.0;email;2022-07-28 13:41:47
43.0;manager;2022-09-12 14:32:56
43.0;email;2022-10-15 05:42:05
43.0;email;2022-11-03 06:01:04
43.0;manager;2022-11-15 10:45:08
43.0;email;2022-12-04 22:07:44
43.0;email;2023-02-22 12:47:27
43.0;email;2023-06-23 15:31:23
44.0;email;2022-08-24 15:17:51
44.0;manager;2022-08-27 15:45:08
44.0;email;2022-09-11 00:42:59
44.0;email;2022-09-26 11:55:55
44.0;email;2022-10-30 00:39:57
44.0;email;2022-11-18 05:14:18
44.0;email;2022-12-21 10:17:14
44.0;email;2023-01-03 18:22:24
44.0;manager;2023-01-16 14:51:54
44.0;manager;2023-02-19 12:12:41
44.0;email;2023-03-09 02:19:46
44.0;email;2023-03-18 08:35:50
44.0;manager;2023-05-04 16:36:05
44.0;email;2023-05-13 13:17:47
44.0;manager;2023-06-21 13:40:21
45.0;email;2022-08-15 17:21:16
45.0;email;2022-08-30 22:08:35
45.0;manager;2022-09-20 16:05:06
45.0;email;2022-09-21 21:35:20
45.0;manager;2022-10-28 16:17:59
45.0;email;2022-11-19 20:55:25
45.0;email;2022-12-26 12:31:06
45.0;manager;2022-12-31 14:14:42
45.0;email;2023-03-12 18:01:14
45.0;manager;2023-03-15 12:05:59
45.0;email;2023-03-20 07:27:58
45.0;manager;2023-04-16 16:56:44
45.0;email;2023-05-11 21:49:43
46.0;email;2022-08-05 18:32:22
46.0;manager;2022-08-17 15:03:37
46.0;email;2022-08-22 03:22:09
46.0;email;2022-09-08 14:19:33
46.0;manager;2022-10-07 14:20:57
46.0;manager;2022-11-15 10:35:13
46.0;email;2022-11-24 01:01:59
46.0;email;2023-01-15 07:29:52
46.0;email;2023-01-26 15:39:56
46.0;email;2023-02-03 01:14:55
46.0;manager;2023-02-20 13:29:04
46.0;email;2023-04-13 15:33:41
47.0;email;2022-08-11 23:41:57
47.0;email;2022-08-27 21:25:16
47.0;email;2022-10-10 02:56:42
47.0;email;2022-11-10 14:36:36
47.0;manager;2022-11-26 10:40:36
47.0;email;2022-12-09 14:34:44
47.0;manager;2023-01-24 14:30:00
47.0;email;2023-03-12 15:46:53
47.0;email;2023-04-15 17:30:04
47.0;email;2023-05-02 08:04:20
47.0;email;2023-05-27 04:28:54
47.0;;
48.0;manager;2022-09-21 10:22:07
48.0;email;2022-10-17 08:35:20
48.0;email;2022-11-10 03:52:24
48.0;email;2022-11-22 02:15:48
48.0;manager;2022-12-31 12:59:07
48.0;email;2023-01-18 15:02:10
48.0;email;2023-02-25 22:42:03
48.0;email;2023-03-08 16:31:16
49.0;email;2022-07-11 21:11:57
49.0;email;2022-09-04 05:24:34
49.0;email;2022-12-02 20:44:23
49.0;email;2022-12-11 11:22:55
49.0;manager;2022-12-11 16:11:58
49.0;email;2022-12-28 21:52:28
49.0;email;2023-01-08 16:13:49
49.0;manager;2023-01-30 13:32:43
49.0;email;2023-04-22 15:35:20
49.0;email;2023-05-11 15:52:12
49.0;email;2023-06-11 15:09:55
50.0;email;2022-07-30 14:04:20
50.0;email;2022-08-24 16:51:22
50.0;manager;2022-08-27 16:41:07
50.0;email;2022-09-18 05:36:17
50.0;manager;2022-09-29 15:19:20
50.0;email;2022-11-07 12:10:16
50.0;email;2022-12-24 16:13:59
50.0;email;2023-02-14 12:49:26
50.0;email;2023-02-22 19:17:54
50.0;email;2023-04-16 00:51:25
50.0;manager;2023-04-21 16:31:33
50.0;email;2023-05-10 15:11:14
50.0;email;2023-06-02 20:56:51
50.0;email;2023-06-11 03:31:37
50.0;manager;2023-06-21 14:15:53
50.0;email;2023-06-28 06:55:25
51.0;email;2022-07-24 02:16:48
51.0;manager;2022-08-12 10:08:32
51.0;manager;2022-09-20 13:19:10
51.0;email;2022-09-23 06:23:47
51.0;email;2022-12-04 10:03:53
51.0;manager;2022-12-20 14:37:49
51.0;email;2023-03-17 17:57:48
51.0;email;2023-04-21 11:38:38
51.0;email;2023-05-05 16:18:25
51.0;manager;2023-05-07 10:05:22
52.0;email;2022-08-08 15:29:31
52.0;email;2022-08-23 11:26:50
52.0;manager;2022-09-26 12:38:37
52.0;email;2022-10-20 23:21:19
52.0;email;2022-10-29 14:49:18
52.0;email;2022-12-31 13:22:10
52.0;email;2023-02-15 17:59:12
52.0;email;2023-02-25 04:52:46
52.0;manager;2023-02-28 16:58:52
52.0;email;2023-03-12 00:13:29
52.0;email;2023-04-23 15:20:53
52.0;email;2023-05-11 08:22:14
52.0;email;2023-06-27 13:05:18
53.0;email;2022-07-21 14:58:56
53.0;email;2022-08-17 16:53:36
53.0;manager;2022-09-28 11:08:38
53.0;email;2022-10-06 22:20:34
53.0;email;2022-12-11 00:09:17
53.0;email;2023-01-05 04:48:46
53.0;;
53.0;email;2023-03-22 14:21:03
53.0;manager;2023-05-03 12:09:11
53.0;email;2023-05-13 23:48:00
53.0;email;2023-05-21 03:36:29
53.0;manager;2023-06-28 16:39:56
54.0;email;2022-08-02 07:33:19
54.0;email;2022-10-09 07:50:42
54.0;manager;2022-11-15 10:59:24
54.0;email;2022-12-10 18:36:13
54.0;email;2022-12-20 15:39:12
54.0;manager;2023-01-16 16:04:48
54.0;email;2023-02-12 10:43:48
54.0;email;2023-03-12 08:24:25
54.0;manager;2023-03-14 10:31:52
54.0;email;2023-03-20 06:26:43
54.0;email;2023-05-19 00:12:37
54.0;manager;2023-05-27 16:02:15
54.0;email;2023-06-20 17:20:37
55.0;email;2022-09-08 09:34:42
55.0;;
55.0;email;2022-12-14 17:14:19
55.0;email;2023-01-15 16:03:20
55.0;email;2023-01-23 17:52:04
55.0;email;2023-03-09 17:29:22
55.0;manager;2023-03-21 13:47:10
55.0;email;2023-03-24 02:08:04
56.0;email;2022-08-27 12:05:41
56.0;manager;2022-08-28 11:23:29
56.0;email;2022-09-04 04:20:42
56.0;email;2022-10-06 01:58:35
56.0;email;2022-12-12 10:45:37
56.0;email;2023-01-25 07:51:33
56.0;manager;2023-03-02 11:08:29
56.0;email;2023-03-08 12:25:21
56.0;email;2023-03-26 21:18:11
56.0;email;2023-04-05 13:09:06
56.0;email;2023-05-08 23:26:55
56.0;email;2023-05-16 07:54:57
56.0;email;2023-05-26 05:27:31
57.0;manager;2022-09-26 16:03:54
57.0;email;2022-10-24 07:23:26
57.0;email;2022-11-01 03:20:41
57.0;manager;2022-12-15 16:38:41
57.0;email;2023-01-03 04:17:56
57.0;email;2023-01-13 09:02:24
57.0;email;2023-01-27 12:43:56
57.0;manager;2023-02-27 13:46:57
57.0;email;2023-03-17 09:42:23
57.0;manager;2023-06-14 13:49:56
58.0;;
58.0;email;2022-08-10 20:14:25
58.0;email;2022-09-12 17:47:55
58.0;email;2022-10-13 00:50:06
58.0;email;2023-01-10 20:19:54
58.0;email;2023-02-01 23:07:52
58.0;email;2023-03-05 14:27:01
58.0;email;2023-03-28 09:19:00
58.0;email;2023-05-31 00:11:39
58.0;manager;2023-06-01 12:49:29
58.0;;
59.0;email;2022-07-10 00:09:23
59.0;email;2022-08-01 16:18:57
59.0;manager;2022-08-01 14:14:15
59.0;email;2022-08-18 19:52:29
59.0;manager;2022-09-04 11:46:37
59.0;email;2022-11-19 03:10:44
59.0;email;2022-12-07 22:47:17
59.0;manager;2023-01-03 16:02:53
59.0;email;2023-02-09 02:32:13
59.0;manager;2023-02-20 10:28:08
59.0;email;2023-04-03 06:47:06
59.0;email;2023-04-18 08:19:24
59.0;email;2023-05-11 21:04:27
59.0;manager;2023-05-12 15:21:37
60.0;email;2022-07-28 02:16:35
60.0;manager;2022-08-08 12:40:23
60.0;email;2022-08-22 19:52:26
60.0;email;2022-09-20 23:10:39
60.0;manager;2022-09-28 16:46:25
60.0;email;2022-10-30 02:11:12
60.0;manager;2022-10-31 13:12:41
60.0;email;2022-11-08 23:14:16
60.0;email;2022-12-21 18:20:11
60.0;manager;2023-01-02 13:21:44
60.0;email;2023-01-07 15:29:31
60.0;email;2023-02-03 16:50:01
60.0;manager;2023-02-04 14:04:25
60.0;email;2023-02-17 12:18:03
60.0;manager;2023-03-17 16:43:20
60.0;email;2023-03-20 19:56:22
60.0;email;2023-04-19 22:29:00
60.0;email;2023-06-08 07:36:12
61.0;email;2022-07-15 22:57:53
61.0;email;2022-09-14 03:47:18
61.0;email;2022-09-24 02:24:03
61.0;email;2022-10-08 15:58:13
61.0;manager;2022-11-20 10:48:31
61.0;manager;2022-12-30 16:23:53
61.0;email;2023-01-12 21:39:43
61.0;email;2023-02-14 06:40:19
61.0;email;2023-02-24 14:05:34
61.0;email;2023-03-14 19:24:02
61.0;manager;2023-03-28 10:31:54
61.0;;
61.0;email;2023-05-24 10:51:51
61.0;email;2023-06-01 05:10:25
61.0;email;2023-06-13 00:37:51
62.0;manager;2022-08-16 12:17:08
62.0;email;2022-09-01 16:00:14
62.0;email;2022-10-07 06:11:26
62.0;manager;2022-10-21 14:35:19
62.0;email;2022-11-01 14:32:44
62.0;email;2022-12-18 18:18:29
62.0;email;2023-02-05 19:24:47
62.0;manager;2023-02-11 13:13:07
62.0;email;2023-02-22 01:06:42
62.0;email;2023-04-01 09:39:57
62.0;email;2023-04-17 07:04:27
62.0;manager;2023-06-07 14:02:59
63.0;email;2022-07-11 05:24:22
63.0;email;2022-09-18 15:11:49
63.0;manager;2022-12-04 15:47:08
63.0;email;2022-12-15 19:45:13
63.0;email;2022-12-31 18:42:41
63.0;manager;2023-01-08 13:49:12
63.0;email;2023-01-13 22:54:33
63.0;email;2023-01-22 02:21:14
63.0;email;2023-02-14 09:15:33
63.0;email;2023-02-25 16:03:11
64.0;email;2022-07-30 00:42:19
64.0;manager;2022-08-18 15:35:19
64.0;email;2022-08-23 05:11:32
64.0;email;2022-09-30 07:43:53
64.0;manager;2022-10-07 14:17:14
64.0;email;2022-12-13 08:45:23
64.0;email;2022-12-25 18:27:30
64.0;email;2023-02-07 06:15:52
64.0;manager;2023-04-13 14:37:04
65.0;email;2022-07-09 19:51:31
65.0;email;2022-07-25 08:38:31
65.0;email;2022-09-01 21:06:41
65.0;manager;2022-09-01 11:29:28
65.0;email;2022-10-04 04:44:39
65.0;email;2022-10-23 21:57:29
65.0;email;2022-12-01 03:46:41
65.0;email;2022-12-16 09:29:49
65.0;email;2022-12-28 06:40:18
65.0;manager;2023-01-11 11:10:38
65.0;manager;2023-02-27 14:51:06
65.0;email;2023-04-06 02:27:19
65.0;email;2023-04-16 20:09:17
65.0;;
65.0;email;2023-05-14 08:21:36
65.0;email;2023-06-09 06:00:05
66.0;email;2022-08-03 10:53:02
66.0;email;2022-08-11 13:46:15
66.0;manager;2022-08-21 12:36:11
66.0;email;2022-09-02 03:59:08
66.0;email;2022-09-10 09:48:23
66.0;manager;2022-10-29 14:56:00
66.0;email;2022-11-09 16:16:56
66.0;email;2022-11-24 06:38:30
66.0;manager;2022-12-01 15:51:57
66.0;email;2023-02-09 04:49:44
66.0;email;2023-03-02 10:43:36
66.0;manager;2023-03-25 15:37:29
66.0;email;2023-04-17 08:19:19
66.0;;
66.0;email;2023-06-09 04:25:48
67.0;email;2022-07-11 22:27:33
67.0;email;2022-08-28 22:06:50
67.0;manager;2022-09-02 12:55:46
67.0;email;2022-10-09 09:53:45
67.0;manager;2022-11-08 10:01:27
67.0;email;2023-01-24 08:14:46
67.0;email;2023-02-02 10:05:17
67.0;email;2023-02-26 21:27:09
67.0;email;2023-03-12 17:20:52
67.0;;
67.0;email;2023-06-05 09:19:16
67.0;manager;2023-06-16 15:22:24
67.0;email;2023-06-22 04:20:07
68.0;email;2022-07-14 01:37:05
68.0;email;2022-08-04 14:33:11
68.0;email;2022-11-01 14:37:10
68.0;email;2023-02-12 04:00:55
68.0;email;2023-02-24 13:21:26
68.0;manager;2023-03-01 15:47:33
68.0;email;2023-03-07 18:05:37
68.0;manager;2023-06-13 11:55:59
69.0;manager;2022-08-30 14:05:51
69.0;manager;2022-10-27 14:32:08
69.0;email;2022-12-29 10:00:31
69.0;email;2023-01-22 09:40:51
69.0;manager;2023-02-28 13:39:33
69.0;email;2023-03-01 14:54:41
69.0;manager;2023-04-04 10:33:41
69.0;email;2023-04-21 16:13:32
69.0;email;2023-05-13 07:00:32
69.0;email;2023-05-23 23:11:25
69.0;manager;2023-06-12 10:25:57
70.0;email;2022-08-02 19:52:41
70.0;email;2022-08-29 18:59:27
70.0;email;2022-09-21 01:15:03
70.0;email;2022-11-01 12:38:16
70.0;manager;2023-02-19 16:06:54
70.0;email;2023-03-10 09:56:32
70.0;email;2023-04-05 06:51:05
70.0;email;2023-04-15 15:08:18
70.0;email;2023-04-29 06:37:53
70.0;manager;2023-05-03 12:08:51
70.0;email;2023-05-21 09:41:50
70.0;email;2023-06-02 11:51:51
70.0;manager;2023-06-25 15:29:00
71.0;email;2022-07-26 02:29:42
71.0;manager;2022-12-28 16:43:09
71.0;email;2023-01-08 12:04:54
71.0;manager;2023-01-31 11:36:21
71.0;manager;2023-05-13 15:05:34
71.0;manager;2023-06-27 12:48:38
72.0;email;2022-07-09 23:02:07
72.0;email;2022-08-11 10:01:50
72.0;email;2022-08-24 08:31:05
72.0;email;2022-09-04 05:16:40
72.0;email;2022-10-09 18:31:40
72.0;manager;2022-10-09 13:49:18
72.0;email;2022-10-29 17:23:01
72.0;email;2022-12-10 14:28:22
72.0;email;2022-12-28 16:26:50
72.0;manager;2022-12-30 11:55:57
72.0;email;2023-05-02 22:47:57
73.0;email;2022-07-14 11:35:01
73.0;manager;2022-08-24 12:07:23
73.0;manager;2022-09-24 16:18:06
73.0;email;2022-11-30 15:10:07
73.0;manager;2023-01-23 13:43:43
73.0;email;2023-02-09 06:09:25
73.0;email;2023-02-17 16:03:08
73.0;manager;2023-02-28 13:04:43
73.0;email;2023-03-08 07:53:15
73.0;email;2023-04-04 11:11:11
73.0;email;2023-04-13 22:57:45
73.0;email;2023-05-06 06:29:30
73.0;email;2023-05-22 17:04:41
73.0;manager;2023-06-10 13:02:47
74.0;email;2022-07-11 19:57:55
74.0;email;2022-07-19 13:10:13
74.0;manager;2022-08-26 15:21:59
74.0;email;2022-09-03 17:51:01
74.0;email;2022-09-11 20:10:45
74.0;email;2022-10-17 04:28:50
74.0;email;2022-11-26 15:04:19
74.0;email;2022-12-15 12:46:26
74.0;manager;2023-01-11 12:53:51
74.0;email;2023-01-20 17:57:03
74.0;email;2023-03-11 09:54:35
74.0;manager;2023-03-15 14:49:28
74.0;email;2023-04-12 03:45:54
74.0;manager;2023-04-28 10:28:33
74.0;manager;2023-06-03 11:16:35
74.0;email;2023-06-23 20:04:41
75.0;email;2022-08-19 19:08:10
75.0;email;2022-09-23 00:02:19
75.0;manager;2022-09-23 11:15:36
75.0;email;2022-12-08 07:04:34
75.0;email;2023-01-21 15:22:33
75.0;email;2023-02-08 01:50:54
75.0;;
75.0;email;2023-04-21 02:04:57
75.0;email;2023-05-31 19:45:33
76.0;email;2022-08-13 02:02:33
76.0;email;2022-08-27 15:49:29
76.0;email;2022-10-02 07:53:51
76.0;email;2022-10-23 02:21:31
76.0;manager;2022-11-16 16:22:14
76.0;email;2023-01-29 13:47:28
76.0;manager;2023-03-15 14:13:02
76.0;email;2023-04-10 19:06:12
76.0;manager;2023-05-12 10:41:48
76.0;email;2023-05-16 07:39:07
77.0;email;2022-08-02 09:30:41
77.0;email;2022-08-27 00:57:57
77.0;email;2022-09-27 21:34:18
77.0;email;2022-10-21 02:08:52
77.0;email;2022-11-15 22:06:08
77.0;manager;2022-11-25 11:08:57
77.0;email;2022-12-11 06:01:38
77.0;manager;2022-12-29 11:39:52
77.0;email;2022-12-31 01:40:09
77.0;email;2023-02-02 10:05:43
77.0;email;2023-02-11 06:32:58
77.0;email;2023-03-07 11:32:28
78.0;email;2022-07-21 09:31:55
78.0;email;2022-08-05 14:13:55
78.0;email;2022-08-20 17:35:10
78.0;manager;2022-08-29 12:12:15
78.0;email;2022-08-30 04:35:57
78.0;email;2022-09-14 10:28:40
78.0;email;2022-10-26 11:19:22
78.0;email;2022-11-09 12:12:48
78.0;manager;2022-12-28 13:06:19
78.0;email;2023-02-10 06:24:25
78.0;manager;2023-02-13 12:22:43
78.0;email;2023-03-06 01:52:23
78.0;email;2023-03-16 07:13:09
78.0;email;2023-04-23 00:08:25
78.0;manager;2023-04-27 12:10:36
78.0;email;2023-05-07 19:27:14
78.0;email;2023-05-21 14:10:25
79.0;email;2022-07-28 13:55:18
79.0;manager;2022-08-18 10:20:50
79.0;email;2022-08-29 07:08:53
79.0;email;2022-12-02 02:07:13
79.0;manager;2022-12-04 10:02:36
79.0;manager;2023-02-04 15:00:48
79.0;email;2023-02-21 09:53:23
79.0;email;2023-03-06 17:12:23
79.0;manager;2023-05-15 12:49:35
79.0;email;2023-05-23 09:36:14
80.0;email;2022-07-14 11:45:25
80.0;email;2022-07-31 19:35:48
80.0;email;2022-10-30 23:20:18
80.0;email;2023-01-19 04:56:22
80.0;manager;2023-04-01 14:12:18
80.0;email;2023-05-13 07:43:59
81.0;email;2022-07-19 21:53:10
81.0;manager;2022-08-17 11:15:28
81.0;manager;2022-10-07 10:30:34
81.0;email;2022-12-11 06:48:33
81.0;email;2023-01-03 17:54:11
81.0;manager;2023-04-05 13:23:09
81.0;email;2023-04-25 22:01:37
81.0;email;2023-05-22 15:30:52
81.0;email;2023-06-12 18:59:33
82.0;manager;2022-08-05 12:07:42
82.0;email;2022-09-01 08:28:43
82.0;email;2022-09-10 05:05:36
82.0;email;2022-10-24 08:41:55
82.0;email;2022-11-05 08:48:32
82.0;;
82.0;email;2023-03-23 00:41:54
82.0;email;2023-04-09 14:35:07
82.0;email;2023-04-20 05:44:11
82.0;email;2023-05-01 20:07:12
82.0;manager;2023-05-15 13:43:23
83.0;email;2022-08-01 08:20:46
83.0;email;2022-08-18 04:11:24
83.0;email;2022-08-29 13:11:41
83.0;email;2022-09-08 15:20:41
83.0;manager;2022-10-03 15:18:27
83.0;email;2022-10-07 13:26:36
83.0;email;2022-11-24 10:41:18
83.0;email;2022-12-22 02:31:27
83.0;manager;2023-03-30 14:26:32
83.0;email;2023-04-20 08:31:19
83.0;email;2023-05-12 19:39:37
83.0;email;2023-05-21 11:33:35
83.0;manager;2023-06-08 11:47:41
83.0;email;2023-06-24 14:43:11
84.0;email;2022-07-24 20:54:20
84.0;email;2022-09-04 20:40:53
84.0;;
84.0;email;2022-10-04 17:59:58
84.0;manager;2022-10-06 13:55:02
84.0;manager;2023-01-24 13:45:50
84.0;email;2023-02-05 22:06:49
84.0;email;2023-02-28 15:38:25
84.0;email;2023-03-10 16:02:43
84.0;email;2023-04-11 16:29:05
84.0;email;2023-05-03 17:25:50
84.0;email;2023-05-14 16:18:57
84.0;email;2023-05-22 21:19:50
85.0;email;2022-07-30 02:18:17
85.0;manager;2022-08-13 10:44:06
85.0;email;2022-08-19 22:13:15
85.0;email;2022-09-12 17:52:53
85.0;manager;2022-11-23 11:24:31
85.0;email;2022-11-25 21:54:46
85.0;email;2022-12-15 20:32:28
85.0;manager;2023-01-11 11:28:47
85.0;email;2023-06-11 12:21:34
86.0;email;2022-07-12 02:20:26
86.0;email;2022-08-05 04:34:50
86.0;email;2022-09-19 21:01:03
86.0;manager;2022-10-15 12:48:11
86.0;email;2022-10-29 20:08:48
86.0;email;2022-12-26 03:39:24
86.0;email;2023-01-28 22:54:56
86.0;email;2023-03-15 11:38:50
86.0;email;2023-06-21 06:19:23
86.0;manager;2023-06-26 16:05:20
87.0;email;2022-07-19 23:03:45
87.0;manager;2022-09-04 11:44:36
87.0;email;2022-11-04 02:37:40
87.0;manager;2022-12-28 15:50:31
87.0;email;2023-01-04 12:20:20
87.0;email;2023-05-07 17:49:22
87.0;email;2023-05-26 20:06:46
87.0;email;2023-06-07 22:43:44
88.0;email;2022-07-09 20:40:45
88.0;manager;2022-08-02 12:13:08
88.0;email;2022-10-07 09:13:00
88.0;email;2022-10-15 23:33:42
88.0;email;2023-01-15 12:05:38
88.0;email;2023-03-04 00:44:20
88.0;manager;2023-03-05 10:44:45
88.0;manager;2023-05-23 14:46:53
88.0;email;2023-06-22 20:03:02
89.0;email;2022-08-26 06:33:06
89.0;email;2022-09-28 04:31:57
89.0;email;2022-11-04 13:20:17
89.0;manager;2022-11-30 11:49:44
89.0;manager;2023-01-07 16:28:55
89.0;email;2023-03-17 05:56:21
89.0;manager;2023-03-19 16:33:52
89.0;email;2023-03-30 03:19:41
89.0;email;2023-05-19 04:08:26
89.0;email;2023-06-23 16:02:08
90.0;email;2022-08-27 11:10:44
90.0;manager;2022-09-15 12:01:35
90.0;email;2022-09-21 05:01:46
90.0;email;2022-10-05 01:19:53
90.0;email;2022-11-08 08:16:28
90.0;email;2022-11-27 00:49:04
90.0;email;2022-12-18 05:52:33
90.0;manager;2023-01-15 12:33:12
90.0;email;2023-02-18 10:29:03
90.0;email;2023-03-06 00:46:32
90.0;manager;2023-03-27 11:34:49
90.0;email;2023-05-08 19:04:19
90.0;email;2023-05-16 19:09:53
90.0;manager;2023-06-10 16:18:25
91.0;email;2022-08-13 07:31:35
91.0;email;2022-11-04 01:09:59
91.0;email;2022-12-09 15:23:09
91.0;email;2022-12-26 17:35:26
91.0;manager;2023-01-20 12:28:34
91.0;email;2023-02-25 00:19:58
91.0;manager;2023-03-28 10:30:42
92.0;email;2022-07-08 15:00:49
92.0;manager;2022-08-14 16:55:47
92.0;manager;2022-09-27 16:54:31
92.0;email;2022-09-30 17:16:22
92.0;email;2023-01-19 12:20:44
92.0;email;2023-02-10 13:24:07
92.0;manager;2023-02-21 11:10:53
92.0;email;2023-05-24 04:51:50
92.0;email;2023-06-05 01:22:06
92.0;manager;2023-06-15 12:37:45
93.0;email;2022-08-11 09:23:55
93.0;manager;2022-09-26 14:23:25
93.0;email;2022-10-11 05:37:43
93.0;email;2022-11-21 14:42:42
93.0;manager;2023-02-01 15:20:56
93.0;;
93.0;email;2023-05-31 00:53:14
93.0;manager;2023-06-02 15:19:25
94.0;email;2022-07-10 22:26:16
94.0;email;2022-09-02 10:24:25
94.0;email;2022-09-19 16:51:51
94.0;email;2022-10-06 13:47:21
94.0;email;2022-11-08 18:26:37
94.0;manager;2022-11-10 15:16:17
94.0;email;2023-01-19 06:55:37
94.0;email;2023-02-10 14:01:58
94.0;manager;2023-02-17 12:24:10
94.0;email;2023-04-15 23:59:32
94.0;manager;2023-04-19 12:40:18
94.0;email;2023-05-06 15:28:50
94.0;email;2023-05-20 01:43:40
94.0;manager;2023-06-24 16:12:13
94.0;email;2023-06-30 19:58:40
95.0;email;2022-08-22 13:14:55
95.0;email;2022-10-14 23:16:32
95.0;manager;2022-11-07 11:12:27
95.0;email;2022-11-26 13:33:56
95.0;email;2023-03-01 17:49:15
95.0;manager;2023-04-14 10:12:27
95.0;;
95.0;email;2023-06-16 21:57:15
96.0;email;2022-09-09 12:27:56
96.0;email;2022-11-19 17:17:02
96.0;email;2022-12-05 01:54:39
96.0;manager;2022-12-10 14:51:15
96.0;manager;2023-01-23 11:17:20
96.0;email;2023-02-13 17:05:30
96.0;email;2023-03-21 04:01:51
96.0;email;2023-03-29 20:56:59
96.0;email;2023-04-18 11:38:28
96.0;manager;2023-04-18 15:49:32
96.0;email;2023-04-28 23:18:38
96.0;email;2023-05-07 13:15:01
96.0;email;2023-06-06 19:03:45
96.0;email;2023-06-15 06:25:28
96.0;email;2023-06-30 11:03:43
97.0;email;2022-08-15 17:13:58
97.0;email;2022-12-13 20:38:32
97.0;email;2023-01-09 07:50:26
97.0;manager;2023-01-28 10:09:30
97.0;email;2023-02-25 13:54:10
97.0;manager;2023-03-28 11:28:39
97.0;email;2023-05-27 12:04:01
97.0;email;2023-06-04 20:33:16
97.0;manager;2023-06-15 13:46:32
98.0;email;2022-07-11 20:10:20
98.0;email;2022-08-25 18:13:41
98.0;manager;2022-09-25 13:48:13
98.0;email;2022-11-08 08:37:29
98.0;email;2022-11-16 10:04:08
98.0;email;2023-02-12 21:07:32
98.0;manager;2023-03-03 13:31:12
98.0;manager;2023-04-08 10:09:08
98.0;email;2023-05-07 16:59:45
98.0;manager;2023-05-30 15:11:23
99.0;email;2022-07-10 06:24:24
99.0;email;2022-08-02 05:10:17
99.0;email;2022-09-11 10:10:28
99.0;manager;2022-11-27 14:10:52
99.0;email;2022-12-07 15:46:26
99.0;email;2023-01-20 22:05:53
99.0;manager;2023-02-22 16:58:19
99.0;email;2023-03-05 18:05:41
99.0;email;2023-04-17 14:54:03
100.0;manager;2022-10-11 16:30:09
100.0;email;2022-12-05 10:10:50
100.0;email;2023-02-11 22:18:11
100.0;manager;2023-02-15 15:27:37
100.0;email;2023-03-29 22:39:05
100.0;manager;2023-04-12 15:45:03
100.0;manager;2023-05-20 11:47:28
101.0;email;2022-07-31 23:54:16
101.0;email;2022-08-09 04:29:16
101.0;manager;2022-09-16 10:16:38
101.0;email;2022-09-25 06:40:05
101.0;email;2022-10-09 17:40:52
101.0;manager;2022-10-19 12:23:04
101.0;email;2022-12-30 10:32:39
101.0;email;2023-01-30 17:49:19
101.0;email;2023-02-08 17:36:20
101.0;manager;2023-03-05 10:55:51
101.0;email;2023-05-27 14:53:46
101.0;email;2023-06-06 13:34:05
102.0;email;2022-09-14 12:46:41
102.0;manager;2022-09-25 15:38:50
102.0;email;2022-12-10 17:35:34
102.0;email;2023-03-23 21:38:06
102.0;email;2023-05-06 19:13:17
103.0;email;2022-07-15 13:41:24
103.0;manager;2022-08-08 16:04:16
103.0;email;2022-08-15 11:45:36
103.0;email;2022-09-11 11:55:56
103.0;email;2022-09-20 05:47:40
103.0;manager;2022-10-17 11:27:19
103.0;email;2022-11-19 01:38:36
103.0;email;2023-01-12 21:10:58
103.0;email;2023-01-22 06:47:24
103.0;email;2023-02-20 02:02:18
103.0;email;2023-03-02 03:21:43
103.0;email;2023-03-19 02:33:06
103.0;email;2023-05-26 21:25:31
103.0;manager;2023-06-26 16:41:43
104.0;;
104.0;manager;2022-07-31 10:23:48
104.0;email;2022-08-07 01:50:50
104.0;email;2022-10-04 00:37:54
104.0;email;2022-10-22 15:10:21
104.0;manager;2022-10-23 14:51:14
104.0;email;2022-11-01 04:33:37
104.0;email;2022-11-28 08:35:02
104.0;email;2023-01-06 08:20:13
104.0;email;2023-01-19 10:47:45
104.0;manager;2023-01-21 16:06:59
104.0;email;2023-03-11 01:34:17
104.0;email;2023-03-24 15:52:51
104.0;email;2023-04-01 05:53:36
104.0;manager;2023-05-13 10:38:24
104.0;email;2023-05-20 14:03:03
104.0;email;2023-06-18 23:14:15
105.0;manager;2022-08-29 12:40:15
105.0;email;2022-09-15 09:48:23
105.0;email;2022-10-04 16:42:04
105.0;email;2022-10-12 23:42:51
105.0;manager;2022-11-15 15:36:47
105.0;email;2022-11-23 03:32:39
105.0;manager;2023-01-18 16:41:57
105.0;email;2023-01-31 13:24:31
105.0;email;2023-03-30 13:38:49
105.0;manager;2023-04-17 12:28:59
105.0;email;2023-05-16 18:59:54
105.0;email;2023-05-30 19:38:07
105.0;email;2023-06-28 03:30:09
106.0;email;2022-07-09 05:52:06
106.0;email;2022-08-28 16:01:49
106.0;manager;2022-08-30 15:58:08
106.0;email;2022-09-28 06:35:34
106.0;manager;2022-10-28 11:17:50
106.0;email;2022-12-15 16:45:03
106.0;manager;2023-02-21 14:51:10
106.0;email;2023-03-21 16:30:55
106.0;manager;2023-04-09 13:03:53
106.0;email;2023-04-14 21:35:14
106.0;email;2023-05-12 20:20:08
107.0;manager;2022-08-04 14:30:03
107.0;email;2022-08-18 03:49:51
107.0;manager;2022-09-17 16:45:48
107.0;email;2022-10-29 23:09:14
107.0;email;2022-11-22 17:30:02
107.0;manager;2023-01-17 15:53:32
107.0;email;2023-01-23 21:06:09
107.0;email;2023-02-21 17:02:02
107.0;;
107.0;email;2023-05-09 19:53:19
107.0;manager;2023-06-12 12:58:46
108.0;email;2022-07-15 11:59:40
108.0;manager;2022-08-06 13:17:28
108.0;email;2022-08-09 22:39:53
108.0;email;2022-08-19 12:11:27
108.0;email;2022-09-08 17:52:19
108.0;email;2022-10-05 08:22:53
108.0;email;2022-10-13 02:17:02
108.0;email;2022-11-10 11:54:35
108.0;email;2022-11-24 18:52:28
108.0;email;2022-12-12 17:40:55
108.0;email;2022-12-21 09:44:51
108.0;email;2023-01-09 00:01:59
108.0;email;2023-02-06 02:05:47
108.0;email;2023-05-24 05:12:19
108.0;;
109.0;email;2022-08-04 08:33:19
109.0;manager;2022-09-16 14:05:34
109.0;email;2022-10-15 02:18:38
109.0;manager;2022-10-21 15:41:39
109.0;email;2022-10-26 19:03:49
109.0;email;2022-11-03 19:25:19
109.0;email;2022-12-09 23:36:37
109.0;email;2023-01-08 14:36:59
109.0;manager;2023-01-19 13:49:42
109.0;email;2023-02-28 04:41:24
109.0;email;2023-04-09 08:04:55
109.0;email;2023-04-30 01:30:26
109.0;manager;2023-06-25 16:01:33
110.0;manager;2022-08-18 16:11:17
110.0;email;2022-10-07 18:36:33
110.0;manager;2022-11-17 12:00:41
110.0;email;2023-01-15 08:23:18
110.0;email;2023-02-10 03:22:13
110.0;email;2023-02-28 13:45:48
110.0;email;2023-03-30 19:16:41
110.0;email;2023-05-10 02:08:32
110.0;manager;2023-05-22 12:10:16
110.0;email;2023-06-09 07:52:33
111.0;email;2022-08-07 23:18:29
111.0;manager;2022-10-04 14:04:49
111.0;manager;2022-11-17 16:09:34
111.0;email;2022-12-13 18:15:57
111.0;manager;2023-02-09 15:04:53
111.0;email;2023-02-26 21:35:17
111.0;email;2023-03-09 17:12:44
111.0;email;2023-03-27 13:32:15
111.0;email;2023-04-12 00:31:23
111.0;email;2023-05-13 03:39:15
111.0;manager;2023-05-18 11:23:15
111.0;email;2023-05-28 03:26:11
112.0;email;2022-07-16 10:39:25
112.0;manager;2022-08-01 11:16:24
112.0;manager;2022-09-25 14:45:44
112.0;email;2022-10-28 07:27:45
112.0;email;2022-12-28 07:36:34
112.0;email;2023-03-17 12:33:03
112.0;manager;2023-03-29 13:35:36
112.0;email;2023-04-17 23:54:38
112.0;email;2023-06-21 06:22:05
113.0;email;2022-08-03 08:20:32
113.0;manager;2022-08-13 13:05:55
113.0;email;2022-09-26 12:46:34
113.0;;
113.0;manager;2022-10-26 12:21:35
113.0;email;2022-11-26 18:55:48
113.0;manager;2023-06-15 12:44:54
113.0;email;2023-06-18 15:00:47
114.0;email;2022-07-10 23:46:31
114.0;manager;2022-08-13 14:11:03
114.0;email;2022-08-22 01:42:43
114.0;email;2022-09-24 22:33:15
114.0;manager;2022-09-26 12:26:30
114.0;email;2022-10-18 12:41:56
114.0;email;2022-11-21 02:38:42
114.0;email;2022-12-07 04:02:34
114.0;manager;2022-12-26 15:24:22
114.0;email;2023-01-03 12:20:39
114.0;email;2023-01-24 21:19:42
114.0;email;2023-04-09 20:21:48
114.0;email;2023-06-11 22:30:08
115.0;email;2022-08-12 23:42:40
115.0;manager;2022-08-18 13:17:17
115.0;email;2022-08-21 11:44:49
115.0;email;2022-09-30 18:00:25
115.0;manager;2022-10-14 10:35:54
115.0;email;2022-10-31 22:18:34
115.0;email;2022-11-13 15:44:01
115.0;email;2022-12-24 00:34:15
115.0;manager;2023-01-07 16:05:17
115.0;email;2023-01-22 10:09:51
115.0;manager;2023-03-03 13:45:01
115.0;email;2023-05-17 10:55:45
116.0;email;2022-07-22 15:32:52
116.0;email;2022-09-03 00:44:39
116.0;manager;2022-09-09 10:15:53
116.0;email;2022-09-29 05:39:00
116.0;manager;2022-10-30 12:33:15
116.0;email;2022-11-06 22:06:18
116.0;email;2022-12-02 07:07:35
116.0;email;2022-12-20 17:24:49
116.0;email;2022-12-29 05:20:19
116.0;manager;2023-02-14 15:53:49
116.0;manager;2023-03-17 16:29:09
116.0;email;2023-05-28 14:40:29
116.0;manager;2023-06-14 16:52:35
117.0;email;2022-07-27 08:42:04
117.0;email;2022-10-08 15:12:27
117.0;email;2022-10-25 17:31:22
117.0;email;2022-12-03 05:48:23
117.0;manager;2022-12-08 15:18:16
117.0;manager;2023-01-16 13:44:54
117.0;email;2023-01-26 03:07:41
117.0;email;2023-02-08 13:42:30
117.0;manager;2023-02-25 14:48:26
117.0;email;2023-04-13 16:46:28
117.0;manager;2023-04-13 15:01:26
117.0;email;2023-05-12 02:48:44
117.0;email;2023-06-07 17:45:28
117.0;manager;2023-06-08 14:47:51
118.0;manager;2022-08-26 13:55:54
118.0;manager;2022-09-28 10:12:17
118.0;email;2022-10-08 18:31:06
118.0;email;2022-10-17 18:13:51
118.0;email;2022-12-02 11:42:21
118.0;email;2022-12-13 16:37:24
118.0;email;2022-12-25 18:13:04
118.0;;
118.0;manager;2023-02-14 12:50:30
118.0;email;2023-02-19 15:50:55
118.0;email;2023-04-26 11:34:45
119.0;email;2022-08-11 11:47:59
119.0;manager;2022-08-31 13:14:02
119.0;email;2022-10-16 12:26:08
119.0;email;2023-01-21 01:01:38
119.0;email;2023-02-24 18:58:13
119.0;email;2023-03-11 23:53:28
119.0;manager;2023-03-24 16:34:44
119.0;email;2023-04-25 18:40:31
119.0;email;2023-05-20 13:37:27
119.0;email;2023-06-13 17:14:07
120.0;email;2022-10-08 13:45:18
120.0;email;2022-10-17 14:15:58
120.0;email;2022-11-22 19:07:00
120.0;manager;2022-12-23 15:13:37
120.0;email;2023-01-04 09:01:33
120.0;manager;2023-02-08 14:48:41
120.0;manager;2023-04-26 11:09:52
120.0;email;2023-05-12 23:37:36
120.0;email;2023-05-24 12:16:22
120.0;manager;2023-06-03 11:13:49
121.0;email;2022-07-21 12:40:27
121.0;email;2022-08-12 16:35:34
121.0;manager;2022-09-08 15:16:26
121.0;email;2022-09-17 17:51:41
121.0;email;2022-09-25 03:19:53
121.0;email;2022-10-04 09:44:24
121.0;email;2022-10-16 05:58:00
121.0;email;2022-11-09 10:03:25
121.0;email;2022-12-11 12:58:25
121.0;manager;2022-12-17 12:38:22
121.0;manager;2023-01-29 12:32:47
121.0;email;2023-04-02 08:36:33
121.0;email;2023-04-14 11:45:17
121.0;manager;2023-05-25 15:40:54
121.0;email;2023-05-27 22:35:59
121.0;email;2023-06-09 12:04:43
121.0;email;2023-06-24 03:31:51
122.0;email;2022-08-08 20:55:30
122.0;manager;2022-08-19 15:46:38
122.0;email;2022-09-28 10:58:17
122.0;email;2022-11-12 06:37:45
122.0;email;2022-12-02 12:53:40
122.0;email;2022-12-11 20:20:44
122.0;manager;2022-12-20 12:42:30
122.0;email;2023-02-01 03:50:42
122.0;email;2023-03-18 07:44:05
122.0;email;2023-03-31 07:17:31
122.0;email;2023-04-09 06:46:50
122.0;manager;2023-04-26 16:27:38
122.0;email;2023-06-02 06:56:31
123.0;manager;2022-08-11 11:09:48
123.0;email;2022-08-26 04:02:57
123.0;email;2022-09-03 23:23:46
123.0;email;2022-09-14 08:55:03
123.0;email;2022-11-26 23:43:04
123.0;manager;2023-01-07 12:31:14
123.0;email;2023-01-31 02:23:21
123.0;email;2023-04-07 09:48:30
123.0;email;2023-04-19 21:03:06
124.0;email;2022-07-27 10:21:13
124.0;email;2022-09-30 20:06:17
124.0;email;2022-10-11 20:09:05
124.0;email;2022-10-20 16:08:24
124.0;manager;2022-12-10 11:03:39
124.0;manager;2023-01-13 16:50:58
124.0;email;2023-01-19 22:56:06
124.0;email;2023-02-17 17:01:59
124.0;email;2023-02-28 13:55:34
124.0;email;2023-03-15 03:40:26
124.0;email;2023-04-13 16:57:23
124.0;email;2023-05-26 16:37:03
125.0;email;2022-07-18 10:37:23
125.0;email;2022-08-11 08:15:57
125.0;email;2022-09-04 11:01:40
125.0;manager;2022-09-09 16:06:36
125.0;email;2022-10-11 09:17:27
125.0;manager;2022-11-06 14:10:57
125.0;email;2022-11-24 15:50:44
125.0;email;2022-12-12 01:29:33
125.0;email;2023-01-31 15:01:44
125.0;email;2023-02-10 12:29:57
125.0;email;2023-03-15 06:22:18
125.0;manager;2023-03-18 11:39:47
125.0;email;2023-04-09 04:55:41
125.0;;
125.0;email;2023-05-18 12:25:47
125.0;email;2023-06-09 07:46:28
125.0;email;2023-06-25 10:18:08
126.0;email;2022-07-11 22:18:48
126.0;manager;2022-08-23 13:09:00
126.0;email;2022-09-15 10:25:50
126.0;email;2022-09-27 00:46:30
126.0;email;2022-10-16 11:06:05
126.0;manager;2022-10-16 11:45:38
126.0;email;2022-10-30 08:04:56
126.0;manager;2022-12-11 15:46:48
126.0;email;2023-02-07 02:43:03
126.0;manager;2023-03-14 12:37:01
126.0;email;2023-03-21 06:31:24
126.0;email;2023-06-27 13:28:36
127.0;manager;2022-08-22 16:15:56
127.0;email;2022-09-07 14:38:01
127.0;email;2022-09-24 02:46:22
127.0;email;2022-11-17 05:57:41
127.0;email;2022-12-14 11:57:59
127.0;manager;2023-01-01 12:04:42
127.0;email;2023-03-03 18:00:51
127.0;manager;2023-03-28 13:14:02
127.0;email;2023-04-09 07:16:05
127.0;email;2023-04-18 08:55:05
127.0;email;2023-06-14 01:17:16
128.0;email;2022-09-30 04:13:32
128.0;email;2022-11-14 18:41:00
128.0;email;2023-01-06 18:31:12
128.0;manager;2023-01-15 10:33:07
128.0;email;2023-02-10 01:12:31
128.0;email;2023-03-05 08:04:47
128.0;manager;2023-03-15 14:18:18
128.0;manager;2023-05-19 15:26:16
128.0;email;2023-06-21 21:08:12
128.0;manager;2023-06-27 12:55:53
129.0;email;2022-07-13 05:01:47
129.0;email;2022-10-08 11:02:23
129.0;manager;2022-11-25 11:38:37
129.0;email;2022-11-28 14:37:30
129.0;email;2023-01-19 15:25:41
129.0;manager;2023-02-26 15:56:23
129.0;manager;2023-04-11 15:31:39
129.0;manager;2023-05-29 12:07:10
129.0;email;2023-06-06 22:31:35
130.0;email;2022-07-22 16:40:22
130.0;email;2022-12-25 06:25:36
130.0;manager;2023-01-06 13:05:19
130.0;email;2023-01-17 03:40:29
130.0;email;2023-02-01 19:04:49
130.0;manager;2023-02-15 13:20:12
130.0;email;2023-02-28 20:08:06
130.0;email;2023-03-08 21:03:52
130.0;email;2023-04-05 15:19:55
130.0;manager;2023-04-08 10:55:52
130.0;email;2023-05-18 20:03:29
130.0;manager;2023-05-31 14:36:49
130.0;email;2023-06-19 22:50:21
131.0;email;2022-08-04 12:05:39
131.0;email;2022-09-08 10:38:01
131.0;manager;2022-09-25 10:31:12
131.0;manager;2022-10-31 14:35:21
131.0;email;2022-11-11 04:08:29
131.0;email;2022-11-22 07:05:16
131.0;email;2022-12-07 16:41:22
131.0;email;2023-01-01 11:13:31
131.0;email;2023-01-14 00:39:29
131.0;email;2023-01-25 17:06:57
131.0;manager;2023-01-27 15:04:02
131.0;email;2023-02-02 14:29:51
131.0;email;2023-03-07 04:09:13
131.0;email;2023-03-26 07:39:37
131.0;email;2023-04-25 10:44:51
131.0;manager;2023-04-30 10:54:42
131.0;email;2023-05-20 04:58:42
132.0;email;2022-07-10 04:57:52
132.0;email;2022-07-29 03:36:54
132.0;manager;2022-08-13 11:30:36
132.0;email;2022-09-06 07:48:00
132.0;manager;2022-10-16 15:42:58
132.0;email;2023-01-09 00:03:27
132.0;manager;2023-01-29 14:51:05
132.0;manager;2023-03-12 10:36:14
132.0;email;2023-03-18 11:53:02
132.0;email;2023-04-03 01:32:53
132.0;email;2023-04-29 14:01:39
132.0;email;2023-05-13 06:22:53
132.0;email;2023-06-09 04:47:06
133.0;email;2022-07-10 01:33:21
133.0;email;2022-08-01 08:13:49
133.0;email;2022-08-19 04:22:27
133.0;email;2022-09-04 23:20:40
133.0;email;2022-09-19 22:17:03
133.0;email;2022-10-21 11:14:14
133.0;email;2022-11-03 23:52:05
133.0;email;2022-11-12 12:32:06
133.0;manager;2022-11-14 10:11:40
133.0;email;2022-12-08 19:54:25
133.0;manager;2023-01-06 12:18:42
133.0;email;2023-01-20 14:04:00
133.0;email;2023-03-10 09:59:22
133.0;email;2023-03-25 16:27:42
133.0;manager;2023-04-06 11:50:12
133.0;manager;2023-05-29 12:47:57
134.0;email;2022-07-09 19:03:20
134.0;email;2022-08-01 12:35:17
134.0;email;2022-08-16 02:59:12
134.0;email;2022-09-13 03:56:56
134.0;email;2022-10-14 07:12:53
134.0;email;2022-10-23 09:32:40
134.0;email;2022-11-11 15:09:15
134.0;email;2022-12-24 06:37:56
134.0;email;2023-01-15 12:17:55
134.0;email;2023-03-11 10:15:24
134.0;email;2023-04-03 16:00:51
134.0;manager;2023-04-14 16:03:44
134.0;email;2023-04-25 20:50:52
134.0;email;2023-06-06 09:53:28
134.0;email;2023-06-29 20:53:48
135.0;email;2022-07-08 19:39:18
135.0;email;2022-07-25 05:02:05
135.0;manager;2022-08-19 13:58:30
135.0;email;2022-09-21 14:51:53
135.0;manager;2022-10-11 13:42:36
135.0;email;2022-10-27 03:07:59
135.0;email;2022-11-12 06:04:44
135.0;email;2022-11-28 10:07:12
135.0;email;2023-02-06 14:33:02
135.0;email;2023-03-20 14:04:24
135.0;manager;2023-03-29 12:22:20
135.0;email;2023-04-13 21:21:41
135.0;email;2023-05-21 09:20:05
136.0;email;2022-07-18 01:31:48
136.0;email;2022-08-22 15:00:12
136.0;email;2022-09-27 13:10:47
136.0;email;2022-10-16 09:18:19
136.0;email;2022-10-29 16:29:26
136.0;email;2022-11-06 06:46:25
136.0;manager;2022-11-10 15:03:32
136.0;manager;2022-12-21 16:20:59
136.0;email;2023-01-14 14:31:16
136.0;email;2023-03-02 20:15:47
136.0;email;2023-04-11 09:34:16
136.0;manager;2023-06-02 11:59:43
136.0;email;2023-06-07 02:09:32
137.0;email;2022-07-30 17:11:14
137.0;email;2022-08-07 02:45:29
137.0;email;2022-10-22 15:46:52
137.0;email;2022-11-03 05:29:12
137.0;email;2022-11-16 16:39:36
137.0;email;2022-11-25 00:31:40
137.0;manager;2022-12-19 12:46:21
137.0;email;2022-12-27 07:21:12
137.0;manager;2023-01-21 10:45:32
137.0;email;2023-01-29 05:24:28
137.0;email;2023-02-09 13:22:06
137.0;manager;2023-03-21 13:00:06
137.0;email;2023-04-04 11:30:48
137.0;email;2023-05-20 17:39:37
137.0;email;2023-05-28 19:43:38
137.0;email;2023-06-11 01:43:35
137.0;email;2023-06-24 03:49:05
138.0;email;2022-07-08 07:10:25
138.0;email;2022-08-03 05:06:38
138.0;manager;2022-08-17 15:07:16
138.0;email;2022-09-09 13:45:48
138.0;email;2022-09-30 18:01:09
138.0;email;2022-10-30 23:18:12
138.0;email;2022-11-26 10:23:05
138.0;manager;2022-12-06 11:46:48
138.0;email;2022-12-26 08:02:17
138.0;email;2023-01-26 18:01:05
138.0;email;2023-02-22 22:24:21
138.0;email;2023-03-06 15:52:32
138.0;email;2023-03-26 07:42:29
138.0;manager;2023-05-02 12:49:21
138.0;email;2023-06-07 10:20:10
139.0;email;2022-12-05 20:08:53
139.0;email;2023-01-08 23:49:38
139.0;email;2023-03-13 05:15:18
139.0;email;2023-03-31 23:40:27
139.0;manager;2023-06-07 11:21:55
139.0;email;2023-06-10 13:22:46
140.0;email;2022-07-21 13:12:24
140.0;;
140.0;manager;2022-09-19 15:28:47
140.0;email;2022-10-13 23:22:23
140.0;manager;2022-10-31 13:04:25
140.0;email;2022-12-15 21:24:42
140.0;email;2023-01-16 09:49:49
140.0;email;2023-02-26 04:08:24
140.0;email;2023-03-09 21:46:05
140.0;manager;2023-03-10 12:35:51
140.0;email;2023-04-28 16:09:14
140.0;email;2023-05-07 18:16:22
140.0;email;2023-05-16 15:13:30
140.0;email;2023-06-23 20:12:26
141.0;email;2022-07-08 07:54:00
141.0;email;2022-08-13 16:16:49
141.0;email;2022-09-06 22:53:51
141.0;manager;2022-09-22 14:39:23
141.0;email;2022-09-30 02:00:05
141.0;email;2022-10-16 16:58:09
141.0;manager;2022-12-14 11:48:41
141.0;email;2022-12-27 06:58:31
141.0;email;2023-01-17 13:57:40
141.0;manager;2023-03-04 16:48:07
141.0;email;2023-04-12 09:30:00
141.0;email;2023-04-28 04:06:18
141.0;manager;2023-05-05 15:45:33
141.0;email;2023-05-13 06:10:24
141.0;email;2023-05-31 07:30:44
141.0;manager;2023-06-30 16:48:36
142.0;email;2022-08-05 11:11:39
142.0;manager;2022-10-01 16:12:22
142.0;email;2022-10-20 17:25:55
142.0;email;2022-11-15 10:06:45
142.0;manager;2022-12-21 10:21:02
142.0;email;2023-03-06 21:24:59
142.0;email;2023-04-01 06:53:24
142.0;manager;2023-04-15 13:23:33
142.0;email;2023-04-18 04:59:52
142.0;manager;2023-06-07 14:45:47
142.0;email;2023-06-10 23:15:14
143.0;email;2022-07-09 23:53:22
143.0;manager;2022-08-08 13:09:44
143.0;email;2022-09-14 21:40:00
143.0;email;2022-10-03 03:16:32
143.0;manager;2022-10-06 14:13:33
143.0;email;2022-10-14 09:46:20
143.0;email;2022-10-26 23:47:36
143.0;email;2022-11-03 23:30:49
143.0;email;2023-02-25 11:23:37
143.0;manager;2023-05-12 16:48:44
143.0;manager;2023-06-13 13:10:17
143.0;email;2023-06-19 01:16:54
144.0;manager;2022-09-25 11:03:19
144.0;email;2022-09-27 00:28:19
144.0;email;2022-10-19 19:05:41
144.0;manager;2022-11-21 11:54:37
144.0;email;2022-12-09 02:30:10
144.0;manager;2022-12-23 10:41:07
144.0;email;2023-01-06 03:23:51
144.0;email;2023-01-24 15:07:44
144.0;email;2023-02-12 20:35:52
144.0;email;2023-04-06 12:04:31
144.0;manager;2023-04-25 11:07:45
144.0;email;2023-05-07 15:08:37
144.0;email;2023-05-22 00:45:59
144.0;manager;2023-05-29 14:10:44
145.0;email;2022-08-24 23:29:14
145.0;email;2022-10-11 04:49:08
145.0;manager;2022-10-25 15:12:22
145.0;email;2023-01-03 00:43:07
145.0;email;2023-03-04 00:34:10
145.0;manager;2023-04-25 12:31:19
145.0;manager;2023-06-09 16:06:40
145.0;email;2023-06-19 16:37:54
146.0;email;2022-07-08 15:40:17
146.0;email;2022-07-24 08:19:55
146.0;manager;2022-08-29 15:12:39
146.0;email;2022-10-08 13:00:32
146.0;email;2022-10-17 03:57:11
146.0;email;2022-10-30 14:22:33
146.0;manager;2022-11-12 10:19:12
146.0;email;2022-11-22 22:47:33
146.0;email;2022-12-07 14:18:34
146.0;manager;2023-01-13 10:16:42
146.0;manager;2023-03-08 11:04:57
146.0;email;2023-05-25 15:31:37
146.0;email;2023-06-07 00:33:11
147.0;email;2022-07-15 23:33:45
147.0;email;2022-07-29 03:20:21
147.0;email;2022-08-12 15:55:17
147.0;email;2022-09-14 22:08:03
147.0;email;2022-10-11 23:30:53
147.0;email;2022-10-25 18:26:19
147.0;manager;2022-11-21 12:02:47
147.0;email;2022-12-18 19:15:19
147.0;email;2023-01-05 21:10:34
147.0;manager;2023-01-06 13:05:11
147.0;email;2023-01-19 08:27:39
147.0;email;2023-03-02 05:25:41
147.0;manager;2023-03-04 15:55:43
147.0;manager;2023-04-17 13:27:28
147.0;email;2023-04-21 08:36:29
147.0;email;2023-05-05 22:10:51
147.0;email;2023-06-02 00:16:52
148.0;email;2022-08-06 17:45:08
148.0;manager;2022-08-24 10:43:27
148.0;email;2022-10-21 07:38:58
148.0;email;2022-10-29 01:31:40
148.0;email;2023-01-04 18:14:53
148.0;manager;2023-01-04 16:54:22
148.0;email;2023-04-19 03:43:38
148.0;email;2023-06-16 17:00:26
148.0;manager;2023-06-22 12:45:30
148.0;email;2023-06-25 06:30:27
149.0;email;2022-07-14 07:23:16
149.0;;
149.0;manager;2022-08-25 13:16:58
149.0;email;2022-09-09 20:28:16
149.0;email;2022-10-13 16:04:49
149.0;email;2023-01-13 05:02:18
149.0;manager;2023-03-11 14:26:47
149.0;email;2023-05-03 04:56:26
149.0;manager;2023-05-14 15:48:05
149.0;email;2023-06-16 05:39:30
150.0;manager;2022-08-23 13:02:12
150.0;email;2022-09-20 12:38:22
150.0;email;2022-09-29 15:24:58
150.0;manager;2022-10-25 16:31:40
150.0;email;2022-11-16 10:37:22
150.0;email;2022-12-27 07:55:58
150.0;manager;2023-01-17 13:15:48
150.0;manager;2023-02-25 14:54:39
150.0;email;2023-03-03 20:23:51
150.0;email;2023-04-26 22:35:47
150.0;email;2023-06-04 10:43:38
150.0;manager;2023-06-12 13:40:17
150.0;email;2023-06-13 17:39:55
151.0;email;2022-08-04 18:39:12
151.0;email;2022-08-17 04:41:32
151.0;email;2022-09-26 08:43:39
151.0;email;2022-10-04 19:03:30
151.0;manager;2022-10-06 16:33:00
151.0;email;2022-11-16 00:30:55
151.0;email;2023-01-04 12:31:20
151.0;email;2023-01-26 09:00:59
151.0;email;2023-02-12 12:50:25
151.0;manager;2023-02-23 16:34:18
151.0;email;2023-02-26 21:41:39
151.0;email;2023-03-15 15:52:43
151.0;manager;2023-04-07 10:13:55
151.0;email;2023-04-24 07:38:53
151.0;email;2023-05-20 07:51:28
151.0;email;2023-06-24 16:30:52
152.0;email;2022-08-08 19:43:12
152.0;email;2022-08-31 19:09:21
152.0;manager;2022-09-08 13:23:05
152.0;email;2022-09-26 04:47:53
152.0;email;2022-10-05 13:28:44
152.0;email;2022-10-24 04:34:16
152.0;email;2022-11-12 15:38:06
152.0;manager;2022-11-16 10:03:59
152.0;manager;2023-02-27 15:40:52
152.0;email;2023-03-07 07:49:24
152.0;email;2023-03-16 02:36:43
152.0;manager;2023-04-17 10:55:09
152.0;manager;2023-06-23 14:24:39
153.0;email;2022-07-18 18:47:02
153.0;email;2022-09-03 23:08:07
153.0;email;2022-09-18 20:06:05
153.0;email;2022-10-16 06:55:24
153.0;email;2022-11-20 17:52:17
153.0;email;2022-12-17 07:46:30
153.0;email;2023-01-05 16:43:19
153.0;email;2023-02-10 16:58:20
153.0;email;2023-02-25 17:02:29
153.0;manager;2023-03-26 13:51:31
153.0;email;2023-04-02 22:37:39
153.0;email;2023-04-12 13:11:40
153.0;manager;2023-05-19 11:15:19
153.0;email;2023-05-25 10:25:43
153.0;email;2023-06-18 07:47:49
153.0;email;2023-06-28 01:36:42
154.0;email;2022-07-24 17:02:57
154.0;email;2022-08-13 09:00:57
154.0;email;2022-08-28 12:56:34
154.0;email;2022-09-06 23:26:36
154.0;email;2022-10-03 22:48:21
154.0;email;2022-11-28 21:57:50
154.0;email;2023-01-02 18:25:37
154.0;email;2023-03-24 05:54:02
154.0;email;2023-04-22 19:22:34
154.0;manager;2023-05-11 15:02:15
154.0;email;2023-05-17 04:37:07
155.0;email;2022-08-08 00:24:37
155.0;email;2022-08-20 22:09:24
155.0;email;2022-09-12 23:00:53
155.0;manager;2022-09-21 11:48:47
155.0;email;2022-10-12 23:06:13
155.0;email;2022-10-26 11:54:55
155.0;manager;2022-11-08 10:49:52
155.0;email;2022-11-19 04:32:53
155.0;email;2022-12-08 18:40:29
155.0;manager;2022-12-19 13:34:42
155.0;email;2023-01-05 11:40:47
155.0;manager;2023-03-02 11:21:10
155.0;manager;2023-05-14 10:52:27
155.0;email;2023-05-15 13:45:46
155.0;email;2023-06-09 23:43:16
156.0;manager;2022-07-31 12:52:52
156.0;email;2022-08-09 18:25:57
156.0;manager;2022-09-01 14:27:09
156.0;email;2022-09-13 01:01:43
156.0;email;2022-09-21 04:54:10
156.0;email;2023-01-06 21:15:45
156.0;manager;2023-01-14 13:50:44
156.0;email;2023-02-17 22:23:14
156.0;manager;2023-03-26 16:05:42
157.0;;
157.0;email;2022-08-29 07:25:36
157.0;manager;2022-10-06 13:30:46
157.0;manager;2022-11-17 12:53:50
157.0;email;2022-11-27 02:38:35
157.0;email;2022-12-13 17:49:32
157.0;email;2023-01-09 06:31:35
157.0;email;2023-01-29 05:51:51
157.0;manager;2023-02-03 13:02:09
157.0;email;2023-02-08 01:08:27
157.0;;
157.0;manager;2023-03-23 10:14:40
157.0;email;2023-03-26 05:27:36
157.0;email;2023-04-24 16:58:06
157.0;email;2023-05-02 22:45:35
157.0;email;2023-05-27 01:13:28
157.0;email;2023-06-21 09:19:20
158.0;email;2022-07-23 16:51:07
158.0;manager;2022-08-18 13:10:39
158.0;email;2022-08-24 15:10:02
158.0;email;2022-09-15 02:43:34
158.0;email;2022-10-07 05:40:11
158.0;email;2022-10-17 06:36:14
158.0;manager;2022-10-24 15:35:11
158.0;email;2022-11-18 11:38:58
158.0;email;2022-12-06 23:39:04
158.0;email;2023-01-30 20:24:46
158.0;email;2023-02-13 10:22:43
158.0;manager;2023-03-02 15:38:22
158.0;email;2023-03-11 22:22:33
158.0;email;2023-04-21 16:31:57
158.0;email;2023-05-27 18:30:11
159.0;manager;2022-08-25 11:33:55
159.0;manager;2022-10-01 12:23:14
159.0;email;2022-10-19 08:51:11
159.0;manager;2022-11-02 10:37:51
159.0;email;2022-11-03 18:43:53
159.0;email;2022-11-20 18:38:14
159.0;manager;2022-12-04 11:40:06
159.0;email;2023-01-01 02:56:46
159.0;email;2023-01-12 10:45:54
159.0;email;2023-03-05 10:37:10
159.0;;
159.0;email;2023-03-18 16:07:04
159.0;email;2023-06-13 15:25:20
159.0;manager;2023-06-16 14:21:07
160.0;email;2022-07-14 22:26:41
160.0;email;2022-07-28 12:38:02
160.0;email;2022-09-05 17:03:31
160.0;email;2022-10-09 22:26:52
160.0;manager;2022-10-17 14:18:52
160.0;manager;2022-11-27 12:25:56
160.0;email;2022-12-11 23:57:09
160.0;manager;2023-01-27 10:52:26
160.0;email;2023-02-06 10:12:48
160.0;email;2023-03-24 22:17:27
160.0;manager;2023-03-31 15:31:45
160.0;email;2023-04-13 18:04:16
160.0;email;2023-04-24 09:26:42
160.0;email;2023-05-07 22:38:19
160.0;email;2023-05-23 06:54:27
160.0;manager;2023-05-27 15:29:32
161.0;email;2022-10-31 12:46:40
161.0;manager;2022-11-11 10:28:31
161.0;email;2022-12-05 16:52:40
161.0;email;2023-01-29 18:02:25
161.0;email;2023-02-17 22:36:08
161.0;email;2023-03-06 23:25:46
161.0;email;2023-04-26 11:55:34
161.0;email;2023-05-11 16:04:40
161.0;email;2023-06-12 21:08:28
161.0;manager;2023-06-16 14:17:40
162.0;email;2022-08-25 21:55:50
162.0;email;2022-11-10 11:16:57
162.0;email;2022-12-21 22:52:38
162.0;email;2023-02-08 15:36:08
162.0;email;2023-02-26 17:43:16
162.0;email;2023-03-07 03:24:34
162.0;email;2023-03-23 08:37:15
162.0;email;2023-03-31 19:07:00
162.0;email;2023-04-14 19:22:04
162.0;manager;2023-05-19 16:01:42
162.0;email;2023-06-15 08:25:09
163.0;manager;2022-08-01 15:44:57
163.0;email;2022-08-19 14:26:21
163.0;;
163.0;manager;2022-10-24 13:28:30
163.0;email;2022-11-23 21:59:11
163.0;email;2022-12-03 15:47:09
163.0;manager;2022-12-06 15:57:30
163.0;email;2023-01-05 11:23:27
163.0;manager;2023-02-14 12:38:17
163.0;email;2023-04-11 16:37:59
163.0;manager;2023-04-14 13:12:09
163.0;email;2023-06-07 04:42:09
163.0;;
163.0;email;2023-06-20 09:45:32
164.0;email;2022-07-31 03:26:10
164.0;email;2022-09-04 02:28:18
164.0;email;2022-10-24 00:39:27
164.0;manager;2022-11-30 10:06:42
164.0;email;2022-12-11 17:17:19
164.0;;
164.0;email;2023-01-09 17:08:21
164.0;email;2023-01-17 08:37:55
164.0;email;2023-02-25 23:30:32
164.0;email;2023-03-16 17:12:32
164.0;email;2023-06-23 07:20:35
165.0;email;2022-08-14 19:49:37
165.0;manager;2022-09-10 10:11:11
165.0;email;2022-11-30 13:49:28
165.0;email;2022-12-13 12:04:58
165.0;email;2023-01-26 08:49:11
165.0;email;2023-02-15 15:25:05
165.0;email;2023-03-03 00:54:38
165.0;email;2023-03-20 04:37:59
165.0;manager;2023-04-19 15:21:38
165.0;email;2023-04-27 18:23:00
165.0;email;2023-05-18 21:42:25
165.0;email;2023-06-04 02:12:56
166.0;email;2022-07-17 09:33:04
166.0;email;2022-08-04 16:12:17
166.0;email;2022-08-27 17:37:34
166.0;manager;2022-09-19 12:23:12
166.0;email;2022-10-08 15:44:05
166.0;email;2022-10-25 10:03:47
166.0;email;2022-11-26 18:30:03
166.0;;
166.0;manager;2023-03-08 10:01:44
166.0;email;2023-03-17 17:36:34
166.0;email;2023-04-24 10:59:10
166.0;email;2023-05-18 15:14:42
166.0;manager;2023-06-06 11:16:07
167.0;email;2022-07-25 22:46:36
167.0;email;2022-08-22 07:28:37
167.0;manager;2022-10-06 13:27:21
167.0;email;2022-10-15 10:13:38
167.0;email;2022-11-05 17:00:15
167.0;email;2022-12-25 06:57:07
167.0;email;2023-01-27 16:46:46
167.0;;
167.0;email;2023-03-14 02:18:59
167.0;email;2023-04-16 21:49:30
167.0;manager;2023-06-02 15:21:30
167.0;email;2023-06-23 09:43:12
168.0;email;2022-08-03 23:39:47
168.0;manager;2022-08-14 10:49:02
168.0;email;2022-08-27 08:21:42
168.0;email;2022-09-16 08:39:16
168.0;manager;2022-09-16 13:10:23
168.0;email;2022-10-26 15:01:54
168.0;email;2022-11-30 22:41:09
168.0;email;2023-01-06 07:41:36
168.0;email;2023-02-05 18:43:22
168.0;email;2023-03-27 02:18:01
168.0;email;2023-04-04 11:23:25
168.0;email;2023-04-12 08:51:18
168.0;manager;2023-05-01 10:37:46
168.0;email;2023-05-04 06:47:42
168.0;email;2023-05-16 22:32:22
168.0;email;2023-06-05 14:41:25
168.0;email;2023-06-28 23:08:17
169.0;manager;2022-08-14 11:35:00
169.0;email;2022-09-22 04:36:54
169.0;email;2022-10-16 03:31:34
169.0;manager;2022-11-04 15:09:53
169.0;email;2022-12-01 00:00:49
169.0;manager;2022-12-20 15:15:01
169.0;email;2022-12-25 14:21:53
169.0;manager;2023-01-20 12:06:55
169.0;email;2023-02-10 11:00:07
169.0;manager;2023-03-23 14:44:08
169.0;email;2023-04-19 07:24:22
170.0;email;2022-07-12 10:16:41
170.0;email;2022-07-21 15:48:41
170.0;email;2022-09-10 16:21:27
170.0;manager;2022-09-28 15:07:31
170.0;email;2022-12-18 06:50:11
170.0;manager;2023-01-08 14:53:47
170.0;email;2023-02-01 14:54:13
170.0;email;2023-02-13 09:46:28
170.0;email;2023-03-14 10:32:29
170.0;manager;2023-05-10 14:36:25
171.0;;
171.0;email;2022-07-21 23:20:28
171.0;email;2022-08-09 06:26:44
171.0;manager;2022-08-31 12:49:28
171.0;email;2022-10-05 22:04:36
171.0;;
171.0;manager;2022-11-26 11:21:36
171.0;email;2022-12-05 21:58:05
171.0;email;2022-12-30 19:16:59
171.0;manager;2023-01-29 11:29:52
171.0;email;2023-02-10 18:29:06
171.0;email;2023-02-24 21:21:18
171.0;email;2023-05-02 23:18:04
172.0;email;2022-07-12 15:01:20
172.0;manager;2022-09-09 10:03:45
172.0;manager;2022-10-18 14:21:49
172.0;email;2022-11-25 11:46:40
172.0;email;2022-12-10 08:49:07
172.0;manager;2022-12-26 10:41:20
172.0;manager;2023-04-24 11:38:20
172.0;email;2023-06-24 15:42:43
172.0;manager;2023-06-26 14:23:50
173.0;email;2022-08-16 11:29:34
173.0;email;2022-09-24 18:28:13
173.0;email;2022-10-07 19:31:10
173.0;email;2022-11-24 20:06:12
173.0;email;2022-12-04 10:16:42
173.0;manager;2023-01-20 10:32:51
173.0;email;2023-02-15 02:20:27
173.0;manager;2023-03-03 12:29:11
173.0;email;2023-05-11 15:29:37
173.0;email;2023-06-01 15:27:23
173.0;email;2023-06-28 07:05:03
174.0;manager;2022-07-31 13:44:44
174.0;email;2022-08-11 04:39:50
174.0;email;2022-09-05 10:21:40
174.0;email;2022-10-23 04:01:38
174.0;manager;2022-10-31 12:14:21
174.0;email;2022-11-12 23:38:02
174.0;email;2022-11-24 18:41:34
174.0;email;2022-12-02 20:51:56
174.0;email;2022-12-22 07:08:29
174.0;;
174.0;email;2023-01-25 20:38:13
174.0;manager;2023-02-22 14:50:22
174.0;email;2023-03-31 16:24:39
174.0;email;2023-05-09 02:18:38
174.0;email;2023-06-08 19:32:53
174.0;manager;2023-06-10 13:10:09
175.0;email;2022-07-10 00:23:10
175.0;email;2022-07-28 11:50:24
175.0;email;2022-09-13 07:37:03
175.0;email;2022-10-25 09:29:16
175.0;email;2022-11-22 03:49:50
175.0;email;2022-12-08 06:24:36
175.0;email;2023-01-12 05:39:39
175.0;manager;2023-01-28 13:32:35
175.0;email;2023-02-18 23:20:33
175.0;email;2023-04-24 00:22:04
175.0;email;2023-05-07 04:35:26
175.0;manager;2023-05-11 16:14:50
175.0;email;2023-06-03 23:43:11
175.0;email;2023-06-14 23:06:13
176.0;email;2022-07-11 07:53:39
176.0;manager;2022-08-24 11:07:10
176.0;email;2022-08-29 20:50:38
176.0;manager;2022-10-23 13:20:09
176.0;email;2022-10-27 06:40:17
176.0;email;2022-11-18 05:18:57
176.0;manager;2023-02-01 10:59:55
176.0;email;2023-03-08 09:58:48
176.0;email;2023-03-19 04:32:40
176.0;email;2023-04-06 08:55:47
176.0;manager;2023-04-16 13:21:17
176.0;manager;2023-06-01 15:54:20
177.0;email;2022-08-12 05:23:07
177.0;manager;2022-09-26 16:29:23
177.0;email;2022-10-12 00:04:45
177.0;manager;2022-11-05 15:33:30
177.0;email;2022-12-30 23:23:20
177.0;manager;2023-01-24 13:13:57
177.0;email;2023-02-02 22:30:15
177.0;email;2023-03-30 05:33:27
177.0;manager;2023-04-19 14:52:06
177.0;email;2023-05-24 19:17:04
177.0;manager;2023-06-06 10:19:29
178.0;email;2022-07-12 00:37:39
178.0;email;2022-07-23 17:23:13
178.0;manager;2022-08-09 12:08:17
178.0;email;2022-09-08 22:56:11
178.0;manager;2022-10-14 15:34:02
178.0;manager;2023-01-02 11:12:33
178.0;email;2023-01-12 15:56:20
178.0;email;2023-01-25 01:52:18
178.0;manager;2023-02-09 15:20:49
178.0;email;2023-03-04 05:18:29
178.0;email;2023-03-14 23:59:38
178.0;manager;2023-03-18 11:16:40
178.0;email;2023-04-06 16:28:55
178.0;manager;2023-04-30 10:00:36
178.0;email;2023-05-18 17:59:57
178.0;email;2023-06-04 01:53:42
178.0;manager;2023-06-06 15:43:19
178.0;;
179.0;email;2022-08-12 14:45:15
179.0;manager;2022-08-22 15:35:08
179.0;email;2022-09-03 15:47:22
179.0;email;2022-09-16 18:07:39
179.0;manager;2022-10-27 16:19:23
179.0;email;2022-10-28 19:10:28
179.0;email;2022-12-20 19:26:49
179.0;email;2023-01-08 19:33:33
179.0;email;2023-01-19 00:05:49
179.0;email;2023-02-18 16:27:59
179.0;email;2023-03-27 20:04:53
179.0;email;2023-04-07 02:00:19
179.0;manager;2023-04-12 16:24:12
179.0;email;2023-04-27 23:50:02
179.0;email;2023-05-19 12:25:11
179.0;email;2023-06-06 07:58:11
