client_id;dt_deal
0.0;2022-07-13
0.0;2022-08-25
0.0;2022-10-02
0.0;2022-12-26
0.0;2022-12-28
0.0;2023-02-23
0.0;9999-01-01
1.0;2022-08-04
1.0;2022-08-12
1.0;2022-08-16
1.0;2022-09-01
1.0;2022-09-17
1.0;2022-12-10
1.0;2022-12-16
1.0;2023-01-24
1.0;2023-04-23
2.0;2022-07-05
2.0;2023-01-27
2.0;2023-03-09
2.0;2023-03-17
2.0;2023-06-19
3.0;2022-08-07
3.0;2022-12-30
3.0;2023-01-01
3.0;2023-03-19
3.0;2023-04-21
4.0;2022-08-14
4.0;2022-08-15
4.0;2022-08-23
4.0;2022-09-28
4.0;2023-02-08
4.0;2023-03-19
4.0;2023-04-17
4.0;9999-01-01
5.0;2022-08-19
5.0;2022-08-25
5.0;2022-08-29
5.0;2022-10-29
5.0;2022-12-24
5.0;9999-01-01
5.0;2023-05-27
5.0;2023-05-31
6.0;2022-09-20
6.0;2022-11-20
6.0;2022-11-30
7.0;2022-10-29
7.0;2022-11-21
7.0;2022-12-02
7.0;2023-03-20
7.0;2023-06-24
8.0;2022-07-24
8.0;2022-08-06
8.0;2022-10-15
8.0;2022-10-29
8.0;9999-01-01
8.0;2023-03-12
8.0;2023-04-14
9.0;2022-09-29
9.0;9999-01-01
9.0;9999-01-01
9.0;2023-02-15
9.0;2023-02-17
9.0;2023-02-19
9.0;2023-04-17
9.0;2023-06-08
9.0;2023-06-12
10.0;2022-09-14
10.0;2022-09-18
10.0;2022-10-06
10.0;2023-01-25
10.0;2023-02-20
10.0;2023-04-24
10.0;2023-05-02
11.0;2022-08-06
11.0;2022-09-19
11.0;2022-09-23
11.0;2022-09-30
11.0;9999-01-01
11.0;2022-10-21
11.0;2022-10-24
11.0;2022-10-25
11.0;
12.0;2022-07-20
12.0;2022-08-10
12.0;2023-01-05
12.0;2023-05-12
13.0;2022-07-26
13.0;2022-08-29
13.0;2022-10-14
13.0;2023-02-10
13.0;2023-02-12
13.0;2023-06-15
14.0;2022-08-19
14.0;2022-09-16
14.0;
14.0;2022-11-29
14.0;2023-02-14
14.0;2023-03-12
14.0;2023-03-13
14.0;2023-05-10
14.0;2023-06-01
15.0;2022-11-21
16.0;2022-07-23
16.0;2022-09-15
16.0;2022-10-13
16.0;2022-10-28
16.0;2022-11-27
16.0;2022-12-03
16.0;2023-03-05
17.0;2022-09-01
17.0;2022-09-14
17.0;2022-09-29
17.0;2023-02-18
17.0;9999-01-01
18.0;2022-10-29
18.0;2023-05-17
18.0;2023-05-20
18.0;2023-06-19
19.0;2022-08-09
19.0;2022-09-05
19.0;2022-10-10
19.0;2022-11-17
19.0;2022-12-24
19.0;2023-01-09
19.0;2023-02-19
19.0;2023-02-25
19.0;2023-02-27
20.0;2022-09-02
20.0;2022-11-05
20.0;9999-01-01
20.0;2023-01-20
20.0;2023-04-03
20.0;2023-05-08
20.0;2023-05-12
20.0;2023-05-23
21.0;
21.0;2022-08-20
21.0;2022-09-30
21.0;2022-10-01
21.0;2023-01-28
21.0;2023-02-16
21.0;2023-04-06
21.0;2023-04-12
22.0;2022-07-29
22.0;2022-12-16
22.0;2022-12-29
22.0;2023-01-15
22.0;2023-03-06
22.0;2023-03-07
22.0;2023-04-25
22.0;2023-06-12
22.0;2023-06-29
23.0;2022-08-31
23.0;
23.0;
23.0;
23.0;2022-11-22
23.0;2022-12-03
23.0;2022-12-21
23.0;2023-02-23
23.0;2023-02-25
23.0;2023-03-10
23.0;2023-03-15
24.0;2022-09-26
24.0;2022-12-02
24.0;2022-12-05
24.0;2022-12-09
24.0;2023-02-23
24.0;2023-03-16
24.0;9999-01-01
24.0;2023-04-25
24.0;2023-05-01
25.0;2022-11-19
25.0;2022-12-01
25.0;2023-01-01
25.0;2023-03-12
25.0;2023-04-27
25.0;2023-05-15
26.0;2022-10-03
26.0;2022-10-27
26.0;2022-11-06
26.0;2022-12-11
26.0;2022-12-12
26.0;2023-01-08
26.0;2023-05-07
26.0;2023-05-23
27.0;2022-07-22
27.0;2022-09-11
27.0;2022-09-18
27.0;2023-02-03
27.0;2023-03-22
27.0;2023-03-29
27.0;2023-03-31
28.0;2022-09-24
28.0;2022-10-10
28.0;2023-01-02
28.0;2023-01-17
28.0;
28.0;2023-05-21
29.0;2022-08-11
29.0;2022-08-19
29.0;2022-08-25
29.0;2022-09-03
29.0;2022-10-07
29.0;2022-11-13
29.0;
29.0;2023-01-21
29.0;2023-03-17
29.0;2023-05-01
29.0;2023-06-10
30.0;9999-01-01
30.0;2022-11-21
30.0;2023-01-11
30.0;2023-03-15
30.0;2023-04-22
30.0;2023-05-11
31.0;2022-08-22
31.0;2022-11-04
31.0;
31.0;2023-03-19
31.0;2023-03-26
31.0;2023-04-05
31.0;2023-05-23
31.0;2023-06-01
31.0;2023-06-03
31.0;2023-06-12
32.0;2022-07-08
32.0;2022-07-09
32.0;2022-08-08
32.0;2022-09-01
32.0;2022-11-13
32.0;2023-01-24
32.0;2023-02-03
32.0;2023-02-04
32.0;2023-03-20
32.0;2023-04-12
33.0;2022-09-30
33.0;2023-03-06
33.0;2023-03-27
33.0;2023-04-08
33.0;2023-05-28
33.0;2023-06-13
34.0;2022-08-05
34.0;2022-09-02
34.0;2022-12-02
34.0;2022-12-08
34.0;2022-12-13
34.0;2023-01-04
34.0;2023-01-09
34.0;2023-01-30
34.0;9999-01-01
34.0;2023-03-15
34.0;2023-06-15
35.0;2022-08-29
35.0;2022-12-02
35.0;2023-05-21
36.0;2022-07-16
36.0;2022-08-07
36.0;2022-09-03
36.0;2022-10-28
36.0;2022-10-29
36.0;
36.0;2022-11-22
36.0;9999-01-01
36.0;2023-03-02
36.0;2023-03-19
36.0;2023-03-24
36.0;2023-05-21
36.0;2023-06-05
36.0;2023-06-22
37.0;2022-08-09
37.0;2022-09-17
37.0;2022-10-06
37.0;2022-11-08
37.0;2023-02-10
37.0;2023-03-27
37.0;2023-04-29
37.0;2023-05-08
37.0;2023-05-22
37.0;2023-06-03
37.0;2023-06-06
37.0;2023-06-27
37.0;2023-06-29
38.0;2022-07-04
38.0;2022-07-16
38.0;2022-11-12
38.0;2022-11-14
38.0;2022-11-19
38.0;2023-02-10
38.0;2023-04-17
38.0;2023-05-02
38.0;2023-05-22
38.0;2023-06-30
39.0;2022-09-01
39.0;2022-09-15
39.0;2022-12-13
39.0;2022-12-19
39.0;2023-02-14
39.0;2023-03-10
39.0;2023-03-22
39.0;2023-05-03
39.0;2023-05-04
39.0;2023-06-07
40.0;2022-07-13
40.0;2022-08-02
40.0;2022-08-22
40.0;
40.0;2022-10-06
40.0;2022-11-16
40.0;2022-11-17
40.0;2023-03-09
40.0;2023-04-13
40.0;2023-04-18
40.0;2023-04-21
40.0;2023-06-15
41.0;2022-08-22
41.0;2022-12-19
41.0;2022-12-21
41.0;2023-02-26
41.0;2023-04-09
41.0;2023-04-24
41.0;2023-04-29
41.0;2023-06-06
42.0;2022-08-07
42.0;2022-08-26
42.0;2022-09-24
42.0;2022-11-19
42.0;2022-11-28
42.0;2022-12-12
42.0;2023-01-20
42.0;2023-05-04
42.0;2023-06-01
42.0;2023-06-25
43.0;2022-07-16
43.0;2022-09-19
43.0;2022-11-17
43.0;2022-11-26
43.0;2023-02-22
43.0;2023-03-03
43.0;2023-06-23
44.0;2022-08-26
44.0;2022-08-31
44.0;2022-09-07
44.0;2022-09-11
44.0;2023-01-28
44.0;2023-04-01
44.0;2023-04-08
44.0;2023-04-18
44.0;2023-04-27
44.0;
45.0;2022-08-30
45.0;2022-11-02
45.0;2023-03-19
45.0;2023-04-17
45.0;2023-05-11
45.0;2023-06-17
46.0;9999-01-01
46.0;2022-08-21
46.0;2022-11-15
46.0;2022-11-21
46.0;2023-03-31
46.0;2023-05-05
47.0;2022-08-27
47.0;2022-09-28
47.0;2022-10-16
47.0;2022-11-22
47.0;2022-11-26
47.0;2023-01-27
47.0;2023-02-04
47.0;2023-03-12
47.0;9999-01-01
47.0;9999-01-01
47.0;2023-05-27
48.0;2022-08-31
48.0;2022-10-02
48.0;2022-10-19
48.0;2022-11-16
48.0;2022-11-22
48.0;2023-02-02
48.0;2023-03-09
48.0;2023-05-03
48.0;2023-06-23
49.0;2022-07-11
49.0;2022-08-18
49.0;2022-09-28
49.0;2022-11-18
49.0;
49.0;2023-01-01
49.0;2023-01-14
50.0;2022-08-24
50.0;2022-09-30
50.0;2022-11-07
50.0;2023-03-31
50.0;2023-04-21
50.0;2023-06-13
50.0;
51.0;2022-09-20
51.0;9999-01-01
51.0;2022-10-16
51.0;2022-12-22
51.0;2022-12-25
51.0;2023-02-18
51.0;9999-01-01
52.0;2022-08-21
52.0;2022-09-29
52.0;2022-10-01
52.0;2022-10-16
52.0;2023-03-01
52.0;
53.0;2022-08-01
53.0;2022-10-14
53.0;2022-12-28
53.0;2023-01-05
53.0;2023-02-09
53.0;2023-06-30
54.0;2022-11-15
54.0;2022-12-20
54.0;2022-12-24
54.0;2022-12-30
54.0;2023-01-17
54.0;2023-01-25
54.0;2023-03-17
54.0;2023-03-21
54.0;2023-03-24
54.0;2023-06-02
55.0;2022-11-16
55.0;2023-03-23
55.0;2023-03-26
55.0;
56.0;2022-08-28
56.0;2022-10-06
56.0;2023-02-04
56.0;2023-03-27
56.0;2023-05-26
56.0;2023-06-24
57.0;2022-07-04
57.0;2022-09-27
57.0;2022-12-15
57.0;
57.0;
57.0;2023-01-14
57.0;2023-03-01
58.0;2022-08-08
58.0;2022-08-14
58.0;2022-09-12
58.0;2022-09-26
58.0;2022-12-09
58.0;2023-06-04
58.0;2023-06-09
58.0;2023-06-16
59.0;2022-07-08
59.0;2022-08-06
59.0;2022-11-17
59.0;2023-01-05
59.0;2023-01-07
59.0;
59.0;2023-04-16
59.0;2023-05-11
59.0;2023-05-12
59.0;2023-05-23
60.0;2022-09-21
60.0;2022-09-29
60.0;2022-09-30
60.0;2022-11-10
60.0;2022-12-02
60.0;2022-12-06
60.0;2023-01-05
60.0;2023-02-05
60.0;2023-02-11
60.0;2023-02-14
60.0;2023-04-01
60.0;2023-04-08
60.0;2023-04-19
60.0;2023-05-22
60.0;2023-05-31
60.0;2023-06-24
61.0;2022-08-27
61.0;9999-01-01
61.0;2022-09-15
61.0;2022-10-09
61.0;9999-01-01
61.0;2023-01-10
61.0;2023-02-05
61.0;2023-02-15
61.0;2023-02-25
61.0;2023-03-31
61.0;2023-04-17
61.0;2023-06-01
61.0;2023-06-04
62.0;2022-08-16
62.0;
62.0;2022-10-08
62.0;2022-11-25
62.0;2023-02-19
62.0;2023-04-18
63.0;2022-07-11
63.0;2022-10-31
63.0;
63.0;2022-12-31
63.0;9999-01-01
63.0;2023-03-21
63.0;2023-04-09
63.0;2023-06-15
64.0;2022-07-03
64.0;9999-01-01
64.0;2022-12-25
64.0;2023-04-13
65.0;2022-07-03
65.0;2022-07-23
65.0;2022-09-01
65.0;2022-09-04
65.0;2022-10-04
65.0;2022-10-18
65.0;2022-10-25
65.0;2023-01-12
65.0;2023-03-08
66.0;2022-08-21
66.0;2022-08-23
66.0;2022-09-13
66.0;2023-01-14
66.0;2023-01-30
66.0;2023-02-09
66.0;
66.0;2023-03-12
66.0;2023-04-08
66.0;2023-05-02
66.0;2023-06-17
67.0;2022-08-28
67.0;2022-09-02
67.0;2022-09-04
67.0;2022-11-16
67.0;2022-12-15
67.0;2023-02-08
67.0;2023-03-21
67.0;2023-03-31
67.0;2023-05-17
67.0;2023-05-30
67.0;2023-06-06
67.0;2023-06-16
67.0;2023-06-17
68.0;2022-08-14
68.0;2022-10-14
68.0;2023-02-26
68.0;2023-03-14
68.0;2023-06-14
69.0;2022-08-30
69.0;2022-09-01
69.0;2022-09-29
69.0;2022-10-27
69.0;2022-11-05
69.0;2022-12-21
69.0;9999-01-01
69.0;2023-03-03
69.0;2023-04-04
69.0;2023-04-07
69.0;2023-05-01
70.0;2022-07-27
70.0;2022-08-02
70.0;2022-09-21
70.0;
70.0;2022-10-21
70.0;2023-03-17
70.0;2023-06-26
71.0;2022-07-30
71.0;2022-10-02
71.0;2022-11-21
71.0;2022-12-31
71.0;2023-01-23
71.0;2023-03-05
71.0;2023-05-13
72.0;2022-07-01
72.0;2022-10-10
72.0;2022-12-29
72.0;2023-01-01
72.0;2023-01-04
72.0;2023-01-06
72.0;2023-02-09
73.0;9999-01-01
73.0;2022-09-06
73.0;2022-09-27
73.0;2022-10-04
73.0;2023-01-23
73.0;2023-02-19
73.0;2023-05-06
73.0;2023-06-02
73.0;2023-06-12
74.0;2022-08-26
74.0;2022-09-02
74.0;2022-09-13
74.0;2022-10-09
74.0;2023-02-07
74.0;2023-02-24
74.0;9999-01-01
74.0;2023-04-28
74.0;2023-05-03
75.0;9999-01-01
75.0;
75.0;2023-04-09
75.0;2023-04-20
76.0;
76.0;2023-03-19
76.0;2023-04-08
77.0;2022-10-04
77.0;2022-11-17
77.0;2022-11-25
77.0;2022-11-27
77.0;2022-11-28
77.0;2022-12-12
77.0;2022-12-30
77.0;2023-02-11
77.0;2023-03-07
77.0;2023-03-18
78.0;2022-07-23
78.0;2022-08-31
78.0;2022-09-03
78.0;2022-10-01
78.0;2023-01-18
78.0;2023-02-17
78.0;2023-04-23
78.0;2023-05-21
79.0;2022-08-18
79.0;2022-08-27
79.0;2022-12-09
79.0;2022-12-30
79.0;2023-01-17
79.0;2023-03-02
79.0;2023-05-16
80.0;2022-10-07
80.0;2022-10-30
80.0;2022-11-06
80.0;2023-04-05
80.0;2023-05-16
80.0;2023-05-22
80.0;2023-05-30
80.0;2023-06-26
81.0;2022-07-24
81.0;2022-09-29
81.0;2022-10-08
81.0;2022-12-19
81.0;2023-01-03
81.0;2023-01-15
81.0;2023-06-06
82.0;2022-08-13
82.0;2022-08-17
82.0;2022-10-24
82.0;2022-11-20
82.0;2023-04-29
82.0;2023-05-17
82.0;2023-05-20
83.0;2022-08-08
83.0;9999-01-01
83.0;2022-11-16
83.0;2022-11-26
83.0;2023-01-25
83.0;2023-03-03
83.0;2023-03-30
83.0;2023-04-20
83.0;2023-04-21
83.0;2023-06-10
83.0;9999-01-01
83.0;2023-06-29
84.0;2022-07-06
84.0;2022-09-08
84.0;2022-12-25
84.0;2023-01-06
84.0;2023-03-11
84.0;2023-04-12
84.0;2023-05-06
84.0;2023-06-29
85.0;2023-01-16
85.0;2023-02-01
85.0;2023-03-03
85.0;2023-03-31
85.0;2023-05-07
85.0;2023-06-25
86.0;2022-07-20
86.0;2023-02-04
86.0;2023-06-27
86.0;2023-06-30
87.0;9999-01-01
87.0;2022-08-14
87.0;9999-01-01
87.0;2023-02-08
87.0;2023-05-07
87.0;2023-06-07
88.0;2022-07-07
88.0;2022-07-09
88.0;2022-08-25
88.0;2022-09-04
88.0;2022-09-12
88.0;2022-11-13
88.0;2023-03-09
88.0;2023-04-27
88.0;2023-05-26
89.0;2022-09-28
89.0;2022-11-06
89.0;2022-11-30
89.0;2023-03-17
89.0;2023-03-19
89.0;2023-03-25
89.0;2023-04-28
89.0;2023-05-11
89.0;2023-06-23
90.0;2022-07-05
90.0;2022-10-01
90.0;2022-10-05
90.0;2022-11-09
90.0;9999-01-01
90.0;2023-01-17
90.0;2023-01-18
90.0;2023-01-21
90.0;2023-04-02
90.0;2023-04-24
90.0;2023-04-25
91.0;2022-08-07
91.0;2022-09-09
91.0;2023-02-05
91.0;2023-02-19
91.0;9999-01-01
92.0;2022-09-27
92.0;2022-09-28
92.0;2022-11-26
92.0;
92.0;2023-01-07
92.0;2023-02-10
92.0;2023-02-22
92.0;2023-02-28
92.0;2023-06-05
93.0;2022-08-12
93.0;2022-09-30
93.0;2022-11-15
93.0;2022-12-09
93.0;2023-02-01
93.0;2023-04-18
93.0;9999-01-01
93.0;2023-06-02
94.0;2022-09-17
94.0;2022-12-16
94.0;2023-02-16
94.0;2023-02-17
94.0;2023-02-18
94.0;2023-02-19
94.0;2023-02-20
94.0;2023-06-24
95.0;2022-08-21
95.0;2023-03-01
95.0;2023-03-02
95.0;2023-04-23
95.0;2023-05-16
95.0;9999-01-01
96.0;2022-09-06
96.0;2022-12-15
96.0;2023-01-24
96.0;2023-03-29
96.0;2023-05-23
96.0;2023-06-23
97.0;2023-02-02
97.0;2023-02-16
97.0;2023-03-28
97.0;2023-06-18
97.0;2023-06-28
98.0;2022-08-04
98.0;9999-01-01
98.0;2022-09-29
98.0;2022-10-01
98.0;2023-02-12
98.0;2023-03-04
98.0;2023-04-04
98.0;2023-05-22
98.0;2023-05-31
99.0;2022-10-27
99.0;2022-12-07
99.0;2023-02-17
99.0;2023-02-22
99.0;2023-02-23
100.0;2022-10-06
100.0;9999-01-01
100.0;
100.0;2023-03-16
100.0;2023-05-20
100.0;2023-05-23
101.0;9999-01-01
101.0;2022-10-20
101.0;2022-12-17
102.0;2022-10-09
102.0;2022-10-12
102.0;2022-11-05
102.0;2023-02-11
102.0;2023-05-09
102.0;2023-05-31
103.0;2022-07-25
103.0;2022-10-28
103.0;2022-12-03
103.0;2023-01-29
103.0;2023-06-11
104.0;2022-10-04
104.0;2023-01-26
104.0;2023-05-19
104.0;2023-05-22
104.0;2023-05-31
105.0;2022-10-04
105.0;2022-11-18
105.0;2022-12-19
105.0;2023-01-18
105.0;2023-03-25
105.0;2023-05-18
106.0;2022-08-03
106.0;2022-08-31
106.0;2022-10-19
106.0;2023-02-12
107.0;2022-08-08
107.0;2022-09-18
107.0;2022-09-22
107.0;2023-02-16
107.0;2023-03-21
107.0;2023-05-11
107.0;2023-06-13
108.0;2022-07-14
108.0;2022-08-06
108.0;2022-08-07
108.0;2022-08-09
108.0;2022-08-14
108.0;2022-11-24
108.0;2023-06-19
109.0;2022-09-16
109.0;2022-09-19
109.0;2022-10-02
109.0;2022-11-05
109.0;2022-11-13
109.0;2023-01-19
109.0;2023-06-26
109.0;2023-06-28
110.0;2022-07-02
110.0;2022-08-20
110.0;2022-08-21
110.0;2022-08-25
110.0;9999-01-01
110.0;2022-11-17
110.0;2022-11-18
110.0;2023-03-31
110.0;2023-04-11
111.0;2022-10-04
111.0;2022-11-10
111.0;2022-11-17
111.0;2022-11-19
111.0;2022-11-24
111.0;2022-12-01
111.0;9999-01-01
111.0;2022-12-30
111.0;2023-01-04
111.0;2023-01-26
111.0;2023-01-29
111.0;2023-02-10
111.0;2023-03-09
111.0;2023-05-23
111.0;
112.0;2022-08-01
112.0;2022-11-10
112.0;2023-04-03
112.0;2023-04-19
113.0;2022-10-09
113.0;2022-10-29
113.0;2022-11-07
113.0;2022-11-26
113.0;2022-12-29
113.0;2023-06-18
113.0;2023-06-25
113.0;2023-06-26
114.0;2022-07-23
114.0;
114.0;2022-08-18
114.0;2022-08-25
114.0;2022-09-15
114.0;2022-09-30
114.0;2022-10-17
114.0;2022-10-20
114.0;2023-01-07
114.0;2023-04-09
114.0;2023-05-02
115.0;2022-08-08
115.0;2022-08-20
115.0;2022-08-24
115.0;2022-11-14
116.0;2022-07-08
116.0;2022-07-10
116.0;2022-07-24
116.0;2022-09-03
116.0;2022-09-30
116.0;2022-11-07
116.0;2022-12-03
116.0;2023-01-26
116.0;2023-02-17
116.0;
116.0;2023-04-24
116.0;2023-05-06
116.0;2023-05-07
116.0;2023-05-08
116.0;2023-05-18
116.0;2023-05-28
116.0;2023-06-14
116.0;2023-06-15
117.0;2022-10-08
117.0;2023-01-16
117.0;2023-01-19
117.0;2023-05-08
117.0;2023-06-18
118.0;2022-09-15
118.0;2022-12-14
118.0;2023-01-10
118.0;2023-02-14
118.0;2023-06-14
119.0;2023-02-20
119.0;2023-03-01
119.0;2023-03-25
119.0;2023-03-28
119.0;2023-05-20
120.0;2022-10-13
120.0;2022-12-20
120.0;2023-01-08
120.0;2023-02-23
120.0;2023-02-27
120.0;2023-03-13
120.0;9999-01-01
120.0;2023-06-07
121.0;9999-01-01
121.0;2022-09-11
121.0;2022-09-15
121.0;2022-09-25
121.0;2022-10-16
121.0;2022-11-13
121.0;2022-12-15
121.0;2022-12-18
121.0;2023-03-11
121.0;2023-05-21
122.0;2022-08-02
122.0;2022-11-14
122.0;9999-01-01
122.0;2023-02-03
122.0;2023-04-18
122.0;2023-05-04
122.0;2023-06-04
122.0;9999-01-01
123.0;
123.0;2022-11-26
123.0;2023-01-08
123.0;2023-01-10
124.0;2022-07-31
124.0;2022-08-21
124.0;2022-11-19
124.0;2022-12-10
124.0;
124.0;2023-02-02
124.0;2023-02-28
124.0;2023-03-01
124.0;2023-04-13
124.0;2023-05-14
125.0;2022-08-08
125.0;
125.0;2022-09-05
125.0;2022-09-15
125.0;2022-11-11
125.0;2022-11-18
125.0;2023-01-31
125.0;2023-03-19
125.0;9999-01-01
125.0;2023-06-16
126.0;2022-08-04
126.0;2022-10-16
126.0;2022-10-17
126.0;2023-03-15
126.0;2023-05-08
126.0;2023-06-28
127.0;2022-08-22
127.0;2022-11-22
127.0;2022-12-01
127.0;2023-03-04
127.0;2023-03-28
127.0;2023-05-02
128.0;2022-07-30
128.0;2022-08-01
128.0;2022-12-29
128.0;2023-01-07
128.0;2023-01-16
128.0;2023-03-15
128.0;2023-03-16
128.0;2023-05-22
128.0;2023-06-08
128.0;2023-06-27
129.0;2022-07-18
129.0;2022-11-27
129.0;2022-11-28
129.0;2023-03-03
129.0;2023-04-14
129.0;2023-04-30
130.0;2022-08-23
130.0;2023-01-06
130.0;2023-01-10
130.0;2023-01-15
130.0;2023-02-19
130.0;2023-04-05
130.0;2023-04-09
130.0;2023-04-13
130.0;2023-05-15
130.0;2023-05-25
130.0;2023-06-04
131.0;2022-08-03
131.0;9999-01-01
131.0;2022-10-01
131.0;2023-02-17
131.0;2023-03-15
131.0;2023-03-24
131.0;2023-05-02
131.0;2023-05-20
132.0;
132.0;2023-03-12
132.0;2023-03-20
132.0;9999-01-01
132.0;2023-05-02
132.0;2023-05-15
133.0;2022-09-24
133.0;2022-09-27
133.0;2022-10-24
133.0;2022-11-17
133.0;2022-11-20
133.0;9999-01-01
133.0;2023-02-02
133.0;2023-03-06
133.0;2023-03-10
133.0;2023-03-25
133.0;2023-03-26
133.0;9999-01-01
134.0;2022-10-12
134.0;2022-10-16
134.0;2023-01-14
134.0;2023-02-15
134.0;2023-04-03
135.0;2022-07-01
135.0;2022-07-08
135.0;2022-07-21
135.0;2022-08-19
135.0;2022-08-24
135.0;2022-08-30
135.0;2022-11-13
135.0;9999-01-01
135.0;2023-03-21
135.0;2023-06-29
136.0;2022-09-28
136.0;2022-10-14
136.0;2022-11-18
136.0;2022-12-18
136.0;2022-12-27
136.0;2023-01-10
136.0;2023-03-11
136.0;2023-05-01
137.0;2022-12-23
137.0;2023-01-22
137.0;2023-02-11
137.0;2023-03-22
137.0;9999-01-01
137.0;2023-05-30
138.0;2022-08-17
138.0;2022-08-20
138.0;2022-08-28
138.0;2022-10-16
138.0;2022-10-19
138.0;2022-12-06
138.0;2022-12-14
138.0;2022-12-15
138.0;2023-02-10
138.0;2023-03-26
138.0;2023-06-08
139.0;9999-01-01
139.0;2022-12-20
139.0;2023-01-28
140.0;2022-09-09
140.0;2022-10-31
140.0;2022-11-07
140.0;2022-11-17
140.0;2022-12-28
140.0;2023-05-14
140.0;2023-05-31
141.0;2022-07-13
141.0;2022-10-08
141.0;2022-10-16
141.0;2023-01-08
141.0;2023-05-05
141.0;2023-06-30
142.0;2022-07-06
142.0;2022-09-25
142.0;2022-10-01
142.0;2022-10-02
142.0;2022-10-20
142.0;2022-11-15
142.0;2023-02-15
142.0;2023-04-18
143.0;2022-08-05
143.0;2023-02-15
143.0;2023-04-04
143.0;2023-05-02
144.0;2022-08-30
144.0;2022-09-04
144.0;2022-10-05
144.0;2022-11-24
144.0;2022-12-10
144.0;2022-12-23
144.0;2022-12-26
144.0;2023-01-06
144.0;2023-02-08
144.0;
144.0;2023-06-19
145.0;9999-01-01
145.0;2022-07-25
145.0;2023-01-04
145.0;2023-02-04
145.0;2023-02-23
145.0;2023-02-24
145.0;2023-03-04
145.0;2023-04-03
145.0;2023-05-01
145.0;2023-06-17
145.0;2023-06-20
146.0;2022-08-22
146.0;2022-09-05
146.0;2022-11-14
146.0;2022-11-29
146.0;2023-01-18
146.0;2023-03-14
147.0;2022-08-12
147.0;2022-09-15
147.0;2022-10-11
147.0;2022-11-21
147.0;2022-12-19
147.0;2023-01-06
147.0;2023-01-07
147.0;2023-01-28
147.0;2023-02-12
147.0;2023-03-04
147.0;2023-03-08
147.0;2023-03-11
147.0;2023-05-06
147.0;2023-05-09
148.0;2022-07-03
148.0;2022-07-10
148.0;2022-07-15
148.0;2022-10-21
148.0;2023-01-01
148.0;2023-02-21
148.0;2023-03-07
149.0;2022-08-28
149.0;2022-08-29
149.0;2022-10-16
149.0;2023-01-03
149.0;2023-01-09
149.0;2023-01-15
149.0;2023-02-16
149.0;2023-02-17
149.0;2023-03-24
149.0;2023-05-03
149.0;
150.0;2022-11-01
150.0;2022-11-02
150.0;2022-11-03
150.0;2022-11-17
150.0;2023-02-23
151.0;2022-08-17
151.0;2022-10-06
151.0;2023-01-05
151.0;2023-01-31
151.0;2023-02-26
151.0;
151.0;2023-04-13
151.0;2023-04-24
152.0;2023-01-30
152.0;2023-02-07
152.0;2023-03-05
152.0;2023-05-22
153.0;2022-08-01
153.0;2022-09-20
153.0;2022-11-25
153.0;2023-01-05
153.0;2023-03-28
153.0;2023-04-04
153.0;2023-05-03
154.0;2022-08-14
154.0;
154.0;2022-11-29
154.0;2023-05-17
155.0;2022-09-10
155.0;2022-09-21
155.0;9999-01-01
155.0;2022-11-08
155.0;2022-11-21
155.0;2022-12-06
155.0;2022-12-28
155.0;2023-01-02
155.0;2023-02-09
155.0;2023-02-22
155.0;2023-04-07
155.0;2023-05-14
156.0;2022-07-31
156.0;9999-01-01
156.0;2022-09-03
156.0;2022-09-05
156.0;2023-01-06
156.0;2023-01-17
156.0;2023-02-17
157.0;2022-08-29
157.0;2022-08-31
157.0;2022-10-06
157.0;2022-10-13
157.0;2022-11-26
157.0;2023-02-10
157.0;2023-02-16
157.0;2023-02-23
157.0;2023-03-24
157.0;2023-05-16
157.0;2023-05-27
157.0;2023-06-03
158.0;2022-07-13
158.0;2022-08-22
158.0;2022-08-26
158.0;2022-10-07
158.0;2022-12-07
159.0;2022-08-25
159.0;2022-09-27
159.0;2022-10-05
159.0;2022-10-20
159.0;2022-11-03
159.0;2022-11-05
159.0;2022-12-10
159.0;2023-02-21
159.0;2023-04-27
159.0;2023-06-15
160.0;2022-07-29
160.0;2022-09-10
160.0;2022-11-27
160.0;2023-02-14
161.0;2022-11-20
161.0;2022-12-05
161.0;2023-01-30
161.0;2023-02-11
161.0;2023-03-15
161.0;2023-06-21
162.0;2022-09-05
162.0;
162.0;2023-02-14
162.0;2023-06-03
163.0;2022-12-04
163.0;2023-01-06
163.0;2023-05-24
163.0;2023-06-11
163.0;2023-06-12
164.0;2023-01-06
164.0;2023-01-09
164.0;2023-02-28
164.0;2023-05-26
165.0;2022-09-10
165.0;2022-09-18
165.0;2022-10-27
165.0;2023-03-21
165.0;2023-04-02
165.0;2023-05-21
165.0;2023-05-23
165.0;2023-05-26
165.0;2023-06-04
166.0;2022-08-27
166.0;2022-09-20
166.0;2023-04-05
167.0;2022-09-21
167.0;9999-01-01
167.0;2022-10-12
167.0;9999-01-01
167.0;2023-01-17
167.0;2023-05-17
168.0;9999-01-01
168.0;2022-08-29
168.0;2022-09-16
168.0;2022-09-17
168.0;2022-10-23
168.0;2022-10-26
168.0;2022-10-28
168.0;2023-02-08
168.0;2023-05-03
168.0;2023-06-30
169.0;2022-08-15
169.0;2022-08-17
169.0;2022-10-16
169.0;2022-11-06
169.0;
169.0;2022-11-21
169.0;2022-12-03
169.0;2023-01-09
169.0;2023-01-20
169.0;9999-01-01
169.0;2023-04-19
169.0;2023-04-20
170.0;2022-07-12
170.0;2022-08-13
170.0;2022-09-05
170.0;2022-09-10
170.0;2022-09-28
170.0;
170.0;2023-01-10
170.0;2023-01-13
170.0;2023-01-18
170.0;2023-02-09
170.0;2023-03-16
170.0;2023-04-25
170.0;2023-06-29
171.0;2022-07-14
171.0;2022-07-21
171.0;2022-09-03
171.0;2022-10-05
171.0;2022-11-29
171.0;2022-12-30
171.0;2023-02-24
171.0;2023-06-08
172.0;2022-08-27
172.0;2022-09-27
172.0;2022-10-28
172.0;2022-11-23
172.0;2023-04-26
172.0;2023-05-03
172.0;9999-01-01
172.0;2023-06-28
173.0;2022-08-14
173.0;2022-08-16
173.0;2022-08-22
173.0;2022-09-20
173.0;2023-01-20
173.0;2023-01-26
173.0;2023-03-16
173.0;2023-05-11
173.0;2023-05-12
173.0;2023-06-15
174.0;2022-08-09
174.0;2022-08-10
174.0;2022-08-11
174.0;2022-11-24
174.0;2023-01-25
174.0;2023-02-06
174.0;2023-02-22
174.0;2023-05-17
174.0;9999-01-01
174.0;2023-06-18
175.0;2022-07-19
175.0;2022-11-14
175.0;9999-01-01
175.0;2022-12-07
175.0;2022-12-18
175.0;2023-01-19
175.0;2023-01-31
175.0;2023-02-22
175.0;2023-04-13
175.0;2023-05-31
176.0;
176.0;2022-07-24
176.0;2022-10-24
176.0;2022-10-26
176.0;2022-11-20
176.0;2022-12-19
176.0;2023-02-02
176.0;2023-06-13
177.0;2022-08-12
177.0;2022-09-15
177.0;2022-09-29
177.0;2023-02-10
178.0;2022-08-19
178.0;2022-11-25
178.0;2023-02-11
178.0;2023-02-12
178.0;2023-03-07
178.0;2023-05-02
178.0;2023-06-04
178.0;2023-06-09
179.0;2022-09-09
179.0;
179.0;2022-10-04
179.0;2023-03-27
